Data_Type,Sample_Size,Iteration,RMSE,MAPE,Causal_Effect
data1,50,1,4.643173532754637,100.62748324894156,3.1564014564845486
data1,50,2,4.660778481745143,67.5552871820378,2.97837477996502
data1,50,3,4.4036558704544895,60.612573217203334,3.0293509425907414
data1,50,4,5.051791310685765,60.275459773331455,3.3222635689716125
data1,50,5,5.117468878432785,60.826943500270545,3.396008600097114
data1,50,6,5.094897494624732,89.75837676551599,3.2818665874809994
data1,50,7,5.104100182516578,60.38321774415311,3.38069857864178
data1,50,8,4.550816416493204,52.16200675800155,3.3163803332742336
data1,50,9,4.436347300549898,77.102677436692,3.0190982609939523
data1,50,10,5.137107422173718,76.3920708503327,3.297359228734104
data1,50,11,4.611516683831034,68.93699190118055,3.193789026496517
data1,50,12,5.149683987486125,73.57642400229768,2.879086110389131
data1,50,13,4.522287352814103,70.36549200377081,3.160213906264211
data1,50,14,3.8935751298763988,83.13877411485883,2.7967709934235936
data1,50,15,5.208118658269292,60.28663065248131,3.4981963307029567
data1,50,16,4.604588650676503,57.01163171871332,3.0776559041571696
data1,50,17,4.460963650529869,118.93474113430558,3.319759254982287
data1,50,18,4.536114666385789,63.81429604983393,2.9799485298613204
data1,50,19,5.025331032949586,78.2774225399967,3.4281668990292515
data1,50,20,5.083259045244259,98.14524887666562,3.259035988096851
data1,50,21,3.5986086768470096,66.6556830261141,2.5753155640515866
data1,50,22,4.38064267683781,51.57867467379613,2.9594120561014634
data1,50,23,5.060481777823999,123.37791870761721,3.207461862277964
data1,50,24,4.697513211101736,92.99253378409699,3.3237333082441864
data1,50,25,4.4200833830855935,100.09212423250912,3.3389053141367717
data1,50,26,5.3148708250375725,72.06315910729693,3.430652639243218
data1,50,27,5.168354640382827,95.9831823874053,3.080171769187804
data1,50,28,4.740743651107196,49.09573431092477,3.269128544407574
data1,50,29,5.038678715695197,100.1984145820357,3.3072508800535485
data1,50,30,4.134023522135853,117.09290916633283,3.0583058719120473
data1,50,31,4.808202691182613,63.42403107747282,3.1503832537476435
data1,50,32,3.889228532234894,69.87077050287883,2.687445049514048
data1,50,33,4.666954678680465,82.93316585650423,3.191182074722553
data1,50,34,4.726484635245518,143.56404629669456,3.1169179380937337
data1,50,35,4.654882285149689,59.878957190234736,3.205801552165578
data1,50,36,4.46187762656667,79.59580067517895,3.258134747945065
data1,50,37,4.841288279449912,211.12353358112662,3.2057809904917502
data1,50,38,4.463531443005812,60.88098794040674,2.9945964234085225
data1,50,39,4.685291297748349,54.706264077525425,3.0989325841868376
data1,50,40,4.527987491391512,82.09572542076367,3.307002217797773
data1,50,41,4.340785529774157,72.4541889192854,2.8284157717316907
data1,50,42,3.772547437718087,104.28828351476005,2.9486403621543267
data1,50,43,5.372769399994517,66.99372811137039,3.4094571634471484
data1,50,44,4.61781803824371,201.13310712306233,3.078192282726233
data1,50,45,3.9187107776919827,94.21119383451652,3.143089005175937
data1,50,46,5.002574148879085,78.86099346540205,3.151016435153392
data1,50,47,5.102859388235514,56.3672187381567,3.257195938221165
data1,50,48,4.174734675476629,52.471641311263554,2.9107267410398348
data1,50,49,4.37352791960038,63.581195777176134,3.0956379513438312
data1,50,50,4.6869920255851705,77.83028438894148,3.3068374190430987
data1,50,51,4.468190257513536,118.42290102373335,3.079701255325097
data1,50,52,4.766297287640306,164.87472077043225,3.3097305858111965
data1,50,53,4.811351797412332,50.99548387226469,3.164713762481108
data1,50,54,5.1333390147935205,73.21391031180364,3.3087699245586633
data1,50,55,4.1938567255372075,92.04986008192283,2.83122407485072
data1,50,56,4.444435139250522,71.49838537610623,3.008042287431196
data1,50,57,4.943365985481642,108.13631418618819,3.3221701227929534
data1,50,58,4.143926558104113,50.390707829184024,2.6187626074917523
data1,50,59,4.319191229808583,108.84096011415751,3.0769068672514757
data1,50,60,4.252833724903367,81.3379138937724,3.0356337520738754
data1,50,61,4.257921422985243,81.28470390030954,2.877366992949583
data1,50,62,4.6337521671196065,80.63304878331394,2.999508862490054
data1,50,63,4.375918604992693,81.85714974539945,2.70855751859866
data1,50,64,5.152784343860145,131.73777713956179,3.328957806823698
data1,50,65,4.586354787346849,63.374816785705846,3.1529584433853155
data1,50,66,4.444134531132487,57.842222683208156,2.844930767219126
data1,50,67,3.875564285556259,45.719535957596484,2.8604880631116587
data1,50,68,4.919371280045263,59.44612503854836,2.9484062010707834
data1,50,69,4.13896306804278,70.05204784053124,2.926398570772243
data1,50,70,4.76269194196531,52.64240484664595,3.222148859283221
data1,50,71,5.311453538132585,50.922199229570985,3.358762806115353
data1,50,72,4.3966284029945655,70.58528118989696,2.891581087240194
data1,50,73,4.673002505955338,54.04969563699525,3.0937711784447766
data1,50,74,4.353059624315485,174.88273966238026,3.167091131637765
data1,50,75,4.903834578294866,66.55797690780717,3.5450097858196883
data1,50,76,4.381225545537399,73.55574620925988,2.8403853309236964
data1,50,77,4.941221627706843,72.67619879344723,3.115566895398262
data1,50,78,4.405710021199059,118.79451157678366,3.1167037022090054
data1,50,79,5.437137402077382,51.82429784162845,3.5326939914747504
data1,50,80,5.219514552423267,65.70209837509398,3.3602979572503173
data1,50,81,3.984265640961841,55.20519830353513,2.731400533594143
data1,50,82,3.809180893919904,119.80656978312648,2.8478716002536095
data1,50,83,4.863537509226038,53.40217913644959,3.334454529281755
data1,50,84,4.7951927622650645,144.60853347205307,3.44144210573155
data1,50,85,4.040901833344217,62.338097589555275,2.848562939798235
data1,50,86,4.6829423648737905,77.79409433530537,3.2326864957398866
data1,50,87,4.484201027291224,118.25225164173699,2.9500285425757897
data1,50,88,4.361269780994887,48.86302076722684,2.9477031187560447
data1,50,89,4.630814093427593,68.57873400565737,3.1085956079249604
data1,50,90,4.74592234377014,83.53142455630662,2.9714071298325724
data1,50,91,4.551391922734222,95.39619488777603,2.9139007707739255
data1,50,92,4.758153315397805,62.17780621289474,3.1300357717177185
data1,50,93,4.502449461434246,65.40779236480442,3.175238548088434
data1,50,94,4.448161947179813,67.58956235013488,3.1868609781798884
data1,50,95,4.139765641003542,99.88422875308409,2.9672154239573003
data1,50,96,3.7484388881955075,71.01701807506132,2.8181795134296808
data1,50,97,4.392137105433013,68.93830287126333,3.0015925661810243
data1,50,98,4.664697415088819,58.329303055215064,3.3290125434991524
data1,50,99,4.343044062112794,69.85901410024066,2.8957005057392387
data1,50,100,4.67691097318274,114.54941247488986,2.9906139376333742
data1,100,1,4.719438395487727,85.08520994789438,3.0813020594391487
data1,100,2,3.684985557063033,59.71409461563777,2.6119391756209325
data1,100,3,4.350392389496625,424.383759539372,3.030632447884063
data1,100,4,4.975047786043171,85.72986657982618,2.959405595717908
data1,100,5,4.855952425430323,141.63363953115396,3.240229839889642
data1,100,6,4.979261276334486,84.62750871885466,3.3839588106431835
data1,100,7,4.29707272971562,232.95723038896347,2.9655716132896726
data1,100,8,4.937550456644824,90.16329829999842,3.087472953207721
data1,100,9,4.541367773138958,305.80748984697175,3.126796094801909
data1,100,10,4.871538518179233,62.70157540258483,3.204371329593013
data1,100,11,4.675936564318176,85.10634613510271,3.432514148699573
data1,100,12,5.385657931258302,61.027180833271686,3.4468775363605535
data1,100,13,4.712841226857298,58.77531400997014,3.194380140879642
data1,100,14,4.2587581996371515,59.946972922050676,2.890862570979562
data1,100,15,4.959652984699335,80.16546433448424,3.473693453273678
data1,100,16,4.81672817908993,169.12960511808313,3.1364153694923615
data1,100,17,4.4987926497350355,63.55475503667274,3.0999086690712736
data1,100,18,3.745877905480323,62.93587824045098,2.8318280785607497
data1,100,19,4.567773132395242,55.5678136133657,2.9934828475487176
data1,100,20,4.712856902740143,84.99763268028185,3.1567709249009845
data1,100,21,5.1271706076906245,62.106701458025384,3.092529493093286
data1,100,22,4.477899405574403,77.08867191087863,2.9628215668128988
data1,100,23,4.479067429528814,89.3175561009295,3.1055498135586577
data1,100,24,3.872750663538475,53.44000664577614,2.72679570572434
data1,100,25,4.479743607257138,71.03186976677635,2.904788764849061
data1,100,26,4.992158040782028,63.705689404289664,3.280598444402016
data1,100,27,3.7524519555899243,68.26475012349134,2.698073974118451
data1,100,28,4.607226763286645,62.301187198534315,3.1575466781590142
data1,100,29,4.879676120979369,58.513377229241,3.2181653293152586
data1,100,30,4.950431882332989,85.03292947172106,3.414012563405908
data1,100,31,4.8345957996816,70.66936263601143,3.232033076871292
data1,100,32,4.791477404942809,61.34272280724402,3.2841449479215856
data1,100,33,5.853737900503009,81.83582020774487,3.6921042072017984
data1,100,34,3.9994734652452655,79.57880914605028,2.854729971570309
data1,100,35,3.949524259318789,54.48217837077588,2.7703742890919174
data1,100,36,4.559118021425474,86.42957074980934,3.148235150805437
data1,100,37,4.09598804743149,53.248742200136256,2.6294317137953493
data1,100,38,4.965179699461147,53.194905768774184,3.201460665456932
data1,100,39,3.8575772252553904,48.10106792000038,2.7305519144513224
data1,100,40,4.288659928099095,358.0215006962334,3.071603864053669
data1,100,41,5.42169122028442,43.83348515635916,3.2514655725342188
data1,100,42,4.467158554576185,68.5045735810032,2.9059321124939093
data1,100,43,4.721389120603909,173.2899791911674,2.9859153786341763
data1,100,44,4.163935595144781,107.47882779165523,3.0382643479405176
data1,100,45,4.602936044099099,59.47636004945041,3.1122736192288607
data1,100,46,4.166278556617103,351.7683244011055,2.823315128817226
data1,100,47,4.446857367856544,64.40118762336702,3.160745606977104
data1,100,48,3.7776538600667466,74.23350271195675,2.6368765700980825
data1,100,49,4.798980446630186,92.18106401181673,3.252939847629045
data1,100,50,4.8764859648757515,84.19225821269859,3.1408350685128563
data1,100,51,4.509411656089029,93.58389749410887,2.7480160463627246
data1,100,52,5.178581412541424,68.62334960096203,3.068539792871041
data1,100,53,4.8925755490905365,86.25547595438458,3.1186826899696163
data1,100,54,4.362961403386783,55.461477002957515,2.868795778429972
data1,100,55,5.180829117411721,57.72644721861617,3.2892176567546234
data1,100,56,4.075234470713358,47.430466638349685,2.7345642899597125
data1,100,57,4.190931073703769,216.6391606435988,2.8482517417046447
data1,100,58,3.903608098024395,85.10049336741179,3.042534780395774
data1,100,59,4.103943469972329,58.887040928108846,2.8919590973753544
data1,100,60,4.156856157149907,51.748490649670266,2.848663563483187
data1,100,61,4.1491192393992975,75.80305972766233,2.699461014600202
data1,100,62,5.571860337686637,84.33103165829813,3.502710977911146
data1,100,63,5.5395601041815095,77.85706905242857,3.7173566338050352
data1,100,64,5.046277797874454,112.66003485543638,3.114635267011168
data1,100,65,3.7857202916861272,81.16123950851056,2.730012580125991
data1,100,66,4.523898591970637,108.37688351994095,2.8758411302043783
data1,100,67,4.360108275865462,89.95069643881453,3.3782047090150296
data1,100,68,4.515441587663991,62.47333237950154,3.3024031467592057
data1,100,69,5.0514870905950735,114.14058463446229,3.5011793195613365
data1,100,70,4.339979733486362,200.98259846440362,3.0513802027634287
data1,100,71,4.691414900938082,1495.7416538102264,3.168276586542566
data1,100,72,4.176186056390682,70.5282010915678,3.155338881859337
data1,100,73,4.263018786173054,45.74551389127864,2.6700496691869704
data1,100,74,5.224209737046115,102.32029378811593,3.3118306887811215
data1,100,75,4.223051250794932,58.2742104765649,3.0036619793638364
data1,100,76,4.619613701871459,100.41058705929795,2.96385532471108
data1,100,77,4.3819192066211,47.19603093383205,2.9908791110017843
data1,100,78,4.261395205787564,69.31533886097348,3.135846177245285
data1,100,79,4.071073025226172,80.53108012393137,2.794325024313108
data1,100,80,3.8794759412368616,327.31211844976394,2.660756685814911
data1,100,81,3.594746781994399,64.2974054813693,2.8403164275275126
data1,100,82,4.839833240116776,188.8162095467867,3.171480529924581
data1,100,83,4.373790035868691,53.35963993476058,3.027888680231645
data1,100,84,4.237530213500698,77.27606123480241,3.237373147619207
data1,100,85,5.162411761319337,46.943343016726196,3.3623822312715275
data1,100,86,4.458495092224358,63.82109663327022,2.919864824746594
data1,100,87,4.467713376414093,70.02480854720183,3.308959942976865
data1,100,88,4.334910679923262,60.68549733963962,2.91347072750253
data1,100,89,3.4468552967859667,74.54240815823229,2.6419854314202875
data1,100,90,5.085743939192794,142.15431864042029,3.4143684098294997
data1,100,91,5.790137222507888,157.6074510021423,3.4469878613439007
data1,100,92,4.670785132897754,85.94929106098016,3.109867447703776
data1,100,93,4.056619003299821,85.98208734844481,2.78695121141555
data1,100,94,4.5907095632165005,65.43447747636753,3.0816219527491646
data1,100,95,5.465090671362077,85.05616426067036,3.3150401164246515
data1,100,96,4.919004144795403,90.11775788820587,3.2910142873566817
data1,100,97,4.03163555290165,128.1758964940105,2.8557609010251626
data1,100,98,4.415368292611834,73.30372264823201,2.9627242349592464
data1,100,99,4.828339785621824,88.32082578145072,3.1941348035199333
data1,100,100,5.240603124410739,80.57290210936094,3.3505140438587206
data1,1000,1,4.136276123823527,97.25641801358222,2.9607383897682578
data1,1000,2,4.549688750064642,55.94798484623621,3.0500309550940745
data1,1000,3,4.617301465093672,60.72886826294253,3.1841143851664118
data1,1000,4,4.190133529233264,108.82407664923389,2.9787225816713807
data1,1000,5,4.407891246574175,69.15164482922458,3.106884248999854
data1,1000,6,3.8718061081947583,61.17287138728257,2.758442576694614
data1,1000,7,5.15759006722745,363.2021342909893,3.5679245565216218
data1,1000,8,3.875659076036709,46.91390789470557,2.8447477807171277
data1,1000,9,4.625454983541637,94.06942674277164,3.1430304962053515
data1,1000,10,4.387380546372494,106.39490720065128,2.9954458436627864
data1,1000,11,4.236495733166876,94.20413797163219,3.1146702665340524
data1,1000,12,4.250984509084499,65.57247243037705,2.961897039707352
data1,1000,13,4.419015875711718,1755.6802180067386,3.0076710002149696
data1,1000,14,4.490707662991853,76.66378187790227,2.825907182738352
data1,1000,15,3.8831045899862686,93.59976454104437,2.680844626577392
data1,1000,16,4.354448866734734,78.30917334464881,2.9623558381958794
data1,1000,17,4.79324565668196,63.200290337564134,3.2557472260319242
data1,1000,18,4.12458587497583,72.57349165366409,2.9785941233933704
data1,1000,19,4.031032530705456,65.43111462867317,2.9016111631814927
data1,1000,20,4.229407426010443,53.40444012398087,2.793781578430735
data1,1000,21,4.84889082445577,92.27577551921766,3.1910818239688843
data1,1000,22,4.226908251797968,74.18439846464838,2.862829503019467
data1,1000,23,4.30104917120426,85.82773885978474,2.938132087989225
data1,1000,24,4.384783757228869,72.63747760624823,2.885346503010589
data1,1000,25,4.260413413840927,75.08808397122627,2.9977524010236185
data1,1000,26,4.475618105463373,74.42936530190921,3.141379920333553
data1,1000,27,4.456717419086922,126.4555612855032,3.083364652569295
data1,1000,28,4.32315639193067,63.00949751032756,2.889271561577492
data1,1000,29,4.247741263926639,82.21203841979656,2.986649715655783
data1,1000,30,4.103724233818514,76.41783044028116,2.6778211944939176
data1,1000,31,4.133353126577423,64.34883368382535,2.988346473309937
data1,1000,32,3.9219939673178414,80.32535228900097,2.64220083064115
data1,1000,33,4.131292849923345,99.09355401483717,2.8546209704371246
data1,1000,34,4.2970190814835005,62.42706360501056,2.9643946987592726
data1,1000,35,4.5574502746489705,61.04560124753186,3.1786509889542214
data1,1000,36,4.682508778276834,576.1009946243267,3.172677840925985
data1,1000,37,4.053135356301131,60.34864722331693,2.866850597014137
data1,1000,38,4.400893479554116,93.04277766248907,3.044334688859611
data1,1000,39,4.216985204352375,130.44174808263438,3.0363719593371057
data1,1000,40,4.054988591065875,1953.2908982225067,2.866686950520249
data1,1000,41,4.301622291427685,82.5625879849968,3.0599095117454516
data1,1000,42,4.6070507408464385,130.7242169816926,3.094755750144519
data1,1000,43,4.174907291719096,68.79906494198647,2.879126485731796
data1,1000,44,4.501732476834804,55.743346831183175,2.967522674491016
data1,1000,45,4.492851255010761,59.51307701633737,3.0318765105461463
data1,1000,46,4.504880215306311,85.73066054817096,3.111870682246236
data1,1000,47,4.227478238100324,302.5116916052198,2.999717666180475
data1,1000,48,4.504694480727244,100.71869266757152,3.1488966017739495
data1,1000,49,4.586957868126631,110.43287243159483,3.098349775596201
data1,1000,50,4.241726994038107,59.99766659235431,2.8421427110779156
data1,1000,51,4.389268167430129,106.98831493739593,2.9686439624245917
data1,1000,52,4.003271048584041,84.68102724373202,2.826100041861541
data1,1000,53,5.007378496133889,68.18120289048068,3.108071593432989
data1,1000,54,4.060440157995159,80.94044338356474,2.8809231837497475
data1,1000,55,4.157241685848464,74.2832558093584,3.012956665371365
data1,1000,56,4.001865350153578,46.456430445747884,2.7988755062103645
data1,1000,57,4.618069902321698,143.5048108728812,3.24165425483719
data1,1000,58,5.117712969877981,98.71154845850594,3.233926272297688
data1,1000,59,4.140817061308516,74.29805607132394,2.877202376715084
data1,1000,60,4.657791913732085,83.39695714593832,3.1400307873039552
data1,1000,61,4.1756137922922045,77.19532332112311,2.936075096541241
data1,1000,62,4.082926946283834,62.324147207685,2.8934410595516864
data1,1000,63,4.640658746243996,110.18683787540937,3.049439584063232
data1,1000,64,4.2988751709705735,106.32642081713061,2.956606290386933
data1,1000,65,3.886324675683968,66.10229452568642,2.712486865121582
data1,1000,66,4.104571779531377,65.38186636512586,2.835096912787393
data1,1000,67,4.334195325746777,50.240132996456175,2.9740840628356864
data1,1000,68,4.448859889450011,70.57821364925476,2.9903179339535204
data1,1000,69,4.373364857813218,63.38045489491052,2.989161197511352
data1,1000,70,4.383933688135279,76.05040744757596,2.9569529003461104
data1,1000,71,4.328438171161558,69.3543231278401,3.011390487564353
data1,1000,72,4.82282716285821,74.0028041063047,3.2114375809936497
data1,1000,73,4.456213871361979,73.19354443327592,2.9572665814067136
data1,1000,74,4.532678836883654,72.03181811017664,3.1865868995940114
data1,1000,75,4.461683636698757,51.60756377856453,3.1425947960854064
data1,1000,76,4.661895372987233,56.64994107352664,3.0653457695192365
data1,1000,77,4.211144422268341,60.688872219457544,3.1198665210492424
data1,1000,78,3.9774585927080297,99.96178117098034,2.668786484923877
data1,1000,79,4.646275720628915,85.887232090962,3.018217931346525
data1,1000,80,4.540994931690104,51.590247167779154,2.9753712149309224
data1,1000,81,4.279035170166828,75.92040795023162,3.0197763600401957
data1,1000,82,4.100756471643046,96.97834386286797,2.872795082661097
data1,1000,83,4.59719517631656,68.61933428299943,3.1196825421505365
data1,1000,84,4.3858141028604445,375.3561172235803,2.9910471104078478
data1,1000,85,4.474335884164241,60.72864716120889,3.047486481934199
data1,1000,86,4.477759325985864,75.539275490417,3.01451323368861
data1,1000,87,4.198242460860077,223.20350447483625,2.9299236103335375
data1,1000,88,4.173748253784567,55.64598606139363,2.940684311745151
data1,1000,89,4.488088416531585,85.42667849351217,3.1529584616594946
data1,1000,90,4.606131630042528,49.26583926409488,2.9994224965768486
data1,1000,91,3.980364755285544,59.58298241597806,2.8914427921461345
data1,1000,92,3.9221366682782315,57.41571652213424,2.8781270125417313
data1,1000,93,4.090597266850169,72.45397789367416,2.865380289046955
data1,1000,94,4.543056244980121,63.22719106909362,3.1065401126177603
data1,1000,95,4.1432446257932325,52.74720348412547,2.9081357401885044
data1,1000,96,4.432181438257352,80.9437410332801,3.042873262249468
data1,1000,97,4.647252985248514,98.722037405893,3.079506436375874
data1,1000,98,4.304191897964226,63.206334056063326,3.007291261871758
data1,1000,99,4.71666276454301,61.584937654618564,3.1987437001984613
data1,1000,100,4.381556068122012,112.72546058133983,2.9611118745696676
data2,50,1,4.046201959964328,149.79471597411177,2.7357682438638578
data2,50,2,4.196074319937323,630.5930615026342,2.9199818646748867
data2,50,3,4.302894979232369,271.139139633484,2.9445976615015144
data2,50,4,4.255447571497196,221.96247085686397,2.8553962760726797
data2,50,5,3.8835386619578722,211.3919352063477,2.9572134404288493
data2,50,6,4.590233525547696,185.03756031387817,2.9336060021246206
data2,50,7,4.146105151708055,232.7466888878679,2.8175192775381994
data2,50,8,4.240362670410796,970.5223035353843,2.864423339525719
data2,50,9,3.9663109822747527,493.39207314726144,2.817085173482304
data2,50,10,4.200120130204106,355.9057371489051,2.881446817490368
data2,50,11,3.8340339067389073,752.0002756642638,2.9157919236486416
data2,50,12,4.035024685847787,182.35123152123492,2.8700801928192217
data2,50,13,4.090104970494357,364.8107608029419,2.9023802117047257
data2,50,14,4.088829192632213,180.7407110247634,2.977953194885799
data2,50,15,4.346329681901904,177.08611220306648,2.85389962009306
data2,50,16,4.147104044031878,364.00249577668575,3.0560393422948136
data2,50,17,4.416023510116673,235.66737657385266,2.9881509934223796
data2,50,18,4.282523055155007,225.67546048852537,2.9996447554412953
data2,50,19,3.9491640170420212,825.0561493383527,2.9282099654042235
data2,50,20,4.41735280217773,237.07873200552626,2.985953936833682
data2,50,21,4.920757088868349,210.36640508468315,3.0093219886799907
data2,50,22,4.478270450521087,246.70527244662708,2.8844191099075824
data2,50,23,4.027952158591568,187.004251423142,2.8457522723040207
data2,50,24,4.415608435834296,282.93941788751556,2.9298247848937264
data2,50,25,4.458977360202936,187.88949087284738,2.89150047798595
data2,50,26,4.279555358803684,2503.5884247368094,2.94974199670924
data2,50,27,4.17119457917711,254.01899478090124,3.01690203884232
data2,50,28,4.316380678632952,203.87603682084182,2.960893229853464
data2,50,29,4.394307496789049,224.44389355486706,2.9876206956490905
data2,50,30,4.108914224212071,187.14762834044396,2.8494979639082665
data2,50,31,4.0054010282694765,590.7112628373144,2.871581665505256
data2,50,32,4.125956590600777,254.71448290644395,2.8940423034702
data2,50,33,3.9900379146012934,170.11254989276406,2.9174208840774574
data2,50,34,4.089903851953437,185.3646201475059,2.8228861055939194
data2,50,35,4.138602221564613,267.59358810387766,2.846488735043556
data2,50,36,4.2538919751887585,144.82500015466812,2.8481952167419613
data2,50,37,4.281867566500627,347.2288588453736,2.9289320429231847
data2,50,38,4.435213631214923,317.66415650741357,2.979363076328325
data2,50,39,4.216101091922798,193.25687978831786,2.93567244945164
data2,50,40,4.402392349519556,223.59054388380125,2.8719672720546385
data2,50,41,4.069918141500517,311.89955737232526,2.8633969618014707
data2,50,42,4.119748823010843,465.8939791059663,2.925812705776729
data2,50,43,4.486170953918045,335.5232072466073,2.9187727619624995
data2,50,44,4.6698754318741615,324.61737113148996,2.9203184238138093
data2,50,45,4.187851447257643,688.893674508389,2.8256873700905296
data2,50,46,4.3932608845092345,169.85610982202945,2.942644304259693
data2,50,47,4.101367428826576,469.104524669283,2.8911795435154795
data2,50,48,4.562313831642574,297.6217031125676,2.960783974524363
data2,50,49,4.289373418737201,523.7588973669003,2.9592637355497065
data2,50,50,4.200259355653413,300.9258077028861,2.9432225112212964
data2,50,51,4.062729990685402,186.81288672446846,2.88782617546951
data2,50,52,3.9794496551195553,253.47401180787173,2.847782113077926
data2,50,53,4.126824923939378,126.34213924143731,2.8765692158293037
data2,50,54,4.181707554733668,215.0003608793409,3.0069310291389773
data2,50,55,4.389764939005901,357.71357559699317,2.8910728117302336
data2,50,56,4.815609411991048,800.5268988248142,2.876757774430545
data2,50,57,4.3230046355684495,348.6220562341663,2.922313355152849
data2,50,58,4.208844307745395,195.87537400141395,2.9095507184260745
data2,50,59,4.254578440838389,544.2809358836582,2.96518637406266
data2,50,60,4.484196451529272,215.70148113533864,2.9615659255951527
data2,50,61,4.513927529864898,191.14419440865342,3.034829914757934
data2,50,62,4.198007153527475,638.4820551173179,2.9487451610311064
data2,50,63,4.2466452143746505,304.008465566071,2.961831527166722
data2,50,64,4.343792189506559,1559.3249209891621,2.9199996725288884
data2,50,65,4.331422004619089,377.5007147590242,2.9581068290326953
data2,50,66,4.562976697379916,119.82971783635057,2.9687463164723287
data2,50,67,4.03917909930155,193.04171537253362,2.9294606920547754
data2,50,68,4.136466283812389,198.91733749576807,2.7478983127292778
data2,50,69,3.9448567346713883,533.9051583496372,2.910168816577113
data2,50,70,4.187983798208075,234.15474145932285,2.8649981752926372
data2,50,71,4.457430292321657,139962.7184582081,2.8704501477564754
data2,50,72,4.492231991976218,21890.226166445213,2.9714900161200744
data2,50,73,4.149853425381017,276.98798784659516,2.913223624830988
data2,50,74,4.469762044138744,227.75273748039902,2.8615370148088526
data2,50,75,4.237328484563048,197.98716109897308,2.873345377861798
data2,50,76,4.347486044540538,280.3904586948526,2.9329813429447076
data2,50,77,4.195899984268782,193.9058432456169,2.9418709450354856
data2,50,78,4.302321848494039,211.11974551849758,2.9828690173040457
data2,50,79,4.0529971054008715,128.595080691284,2.8527265633962555
data2,50,80,4.126500300070861,226.79913347232215,2.860256598976436
data2,50,81,4.068278104567399,348.9721344957434,2.8437930497735655
data2,50,82,4.403714144587274,214.89403633944195,3.0515747143763856
data2,50,83,4.220062223071045,249.4323226942075,2.9643910656717822
data2,50,84,4.210647492035244,291.503025270392,2.9554349845426557
data2,50,85,4.386195956721038,212.70863081530575,2.943748745244479
data2,50,86,4.120522891330087,342.77499455492,2.9046323317065386
data2,50,87,4.559646536623097,189.39212931255722,2.9255469121069457
data2,50,88,3.8103705740218703,196.90450872055717,2.877027382539237
data2,50,89,4.206651054801413,220.21938315587502,2.9073495937154763
data2,50,90,4.683863179260077,271.3977166180271,2.9759288057625835
data2,50,91,4.111126866378603,400.1484605690588,3.006938794161885
data2,50,92,3.8574664592924788,322.0422948454077,2.880043182708782
data2,50,93,4.365392608598439,312.7730511739366,2.919776076883296
data2,50,94,3.946124878724496,361.84294048419935,2.8347701462026893
data2,50,95,4.413580133238171,650.2380170237317,2.9664496346875304
data2,50,96,4.11100087839448,346.88645776089754,2.896327836161418
data2,50,97,4.043123586399959,257.6040587311226,2.909088534841294
data2,50,98,4.318357837502982,452.43872972851796,2.9801501236118275
data2,50,99,4.341679961088769,156.08989575965035,2.8931483631303503
data2,50,100,4.011322950741532,212.08468465221532,2.9589516385246952
data2,100,1,4.411211680997596,241.36413743883892,2.9458771117601588
data2,100,2,3.948446039667517,415.81291644971526,2.9211885528560217
data2,100,3,3.999359449842697,143.68295447011778,2.8880318674551613
data2,100,4,4.522673580952186,188.3778142938251,2.91583082704107
data2,100,5,4.510493152731489,302.58783649228934,2.9582890831126885
data2,100,6,4.455684432837056,186.57218167031334,2.9367717340165655
data2,100,7,4.070908767626699,186.48252955524936,2.8487953321132604
data2,100,8,4.278245333217301,628.8744123988489,2.8819702513509946
data2,100,9,4.145328565655641,226.41888540464353,2.846585968823055
data2,100,10,4.1876935595718825,263.5788723399732,2.9404721157865508
data2,100,11,4.247608058919288,360.6411782225434,2.8411290395128987
data2,100,12,4.086443894177487,252.62358888428668,2.9327299036415235
data2,100,13,4.176992494028649,187.09753809942046,2.9303054552242442
data2,100,14,4.331330715867939,440.50363645787155,2.849214652983594
data2,100,15,3.930869157640432,213.39954096871318,2.874215554151294
data2,100,16,4.2179968719115,167.34558746327778,2.8980158383389485
data2,100,17,4.152292088202043,202.45301110052662,2.919860456432371
data2,100,18,4.201634890060623,278.42446157824014,2.9013792724092613
data2,100,19,4.4521962110566635,269.36872912283013,3.023006825411613
data2,100,20,4.25525104921773,406.900834765192,2.8756522308037504
data2,100,21,4.159410406384314,210.50718602913042,2.913847656313853
data2,100,22,4.239078571332722,675.8483020939437,2.8389334353219207
data2,100,23,4.110977216284007,175.1817358941279,2.9347983477053257
data2,100,24,4.298384574832302,201.15884611256965,2.9391647809772383
data2,100,25,4.223325740140578,236.30426996137749,2.9185055190275166
data2,100,26,4.223937339820564,2928.028207718643,2.927557484058445
data2,100,27,3.9064875061715876,347.0583208942139,2.9140355281897996
data2,100,28,4.049525054811655,175.44376212674365,2.890549169742977
data2,100,29,4.1167845389274005,461.6469573162307,2.931693092198205
data2,100,30,4.2610777907487325,1018.9520566294261,2.9176792088929617
data2,100,31,4.102336762777097,361.3297949511504,2.977192263744739
data2,100,32,4.339061604400133,183.9507682434075,2.884908388164663
data2,100,33,4.055705331128824,319.9829060911411,2.9463111743911337
data2,100,34,4.267435419801302,458.1151295380754,2.848159215380573
data2,100,35,3.808793325555383,323.08472043191887,2.88057580540897
data2,100,36,4.264836070982318,327.4353962657572,2.911780212377384
data2,100,37,4.028643196537029,296.7724425884685,2.8898989946477047
data2,100,38,4.794931788282986,282.3389723075377,2.9149283034712274
data2,100,39,4.04857063289882,364.56429967948617,2.8941243080078256
data2,100,40,4.51902492345522,206.43726838957656,2.9423285760368034
data2,100,41,4.24627265171146,159.21740246072545,3.0092472074977215
data2,100,42,4.543110056070291,183.26319067484877,2.834861673746715
data2,100,43,4.448127048003375,269.8296052002924,2.905810392326013
data2,100,44,4.397956294502762,257.10488996828116,2.8773363090429784
data2,100,45,4.3973164803932585,184.81804310657628,2.9274401796139036
data2,100,46,4.258573126273313,280.6729232365716,2.8140438555025993
data2,100,47,4.412560169491103,1996.4044492324313,2.8959059384510657
data2,100,48,4.154418260559902,289.1145388342695,2.836131896698021
data2,100,49,4.191391153619975,573.6400221329698,2.9799539492553024
data2,100,50,4.686850923716372,149.7410799661899,2.8288981156374278
data2,100,51,4.369198381141297,194.34696291849113,2.900808925178969
data2,100,52,4.252756141938218,272.0346983478154,2.8263277951468373
data2,100,53,4.568528979714755,179.88871253411753,2.9062003478835714
data2,100,54,4.003366679248848,204.32064100661216,2.878422296478898
data2,100,55,4.3001104135933215,286.43745769240553,2.9091212217017257
data2,100,56,4.383780377731518,195.770804833606,2.97260419315037
data2,100,57,4.663366830417058,306.45470309715324,2.929451380472769
data2,100,58,4.114428288379159,776.4140881012389,2.895014230323
data2,100,59,4.0684987976295695,185.75730727442158,2.9561226565668703
data2,100,60,4.0063115352063905,395.35733883732786,2.893609233855471
data2,100,61,4.041720359968788,376.73983309407373,2.795724440699345
data2,100,62,4.238993387260762,193.98780019844946,2.981503569193272
data2,100,63,3.970572584963115,229.5757658187457,2.9393935662354673
data2,100,64,4.458160093005816,185.17310737903293,2.885879918911643
data2,100,65,4.359496438456481,252.357237809989,2.858286395073332
data2,100,66,4.145829384112551,261.2154099590968,2.8661877517783387
data2,100,67,4.366860333715992,220.22520967068093,2.8794039459034333
data2,100,68,4.370895919879399,269.2275629995465,2.934278705279479
data2,100,69,4.665264166143395,253.60317104613262,2.9552037567115947
data2,100,70,4.248341014687424,420.70416293720825,2.8686530861239374
data2,100,71,4.229347691095278,174.13829316510234,2.895017276615555
data2,100,72,3.988546617709224,834.2022278633365,2.9144752615797116
data2,100,73,4.3811159399763095,206.30644338412202,2.8825506738410844
data2,100,74,3.8693975825288756,312.9392986874212,2.837377378710931
data2,100,75,4.0293392613170065,881.541741075963,2.877727845987898
data2,100,76,3.9472523893595057,1020.8258864139449,2.9008545620842914
data2,100,77,4.0223331235239685,326.7871439612395,2.823169111920422
data2,100,78,4.714565677828727,1337.1772797672554,3.035303507655658
data2,100,79,3.938327309677396,285.2458332730196,2.9337342989620345
data2,100,80,4.066817034295033,214.34424796293158,2.833458025544656
data2,100,81,4.075603640637098,216.35721670583212,2.86888287692416
data2,100,82,4.656630712999401,246.5402859487919,2.9885214523759607
data2,100,83,4.239995443275244,246.60006909097493,2.8875054942384075
data2,100,84,3.7309313518119334,291.4160608250841,2.9444483169559446
data2,100,85,3.847582158644038,337.6655204180868,2.844069950336276
data2,100,86,3.9885423247664566,241.21624008449496,2.899269197536781
data2,100,87,4.248415877177751,673.4260355877418,2.89083614161743
data2,100,88,4.129105772559355,227.31174479541573,2.8965253293966913
data2,100,89,4.120988495400909,166.44440295734992,2.8688928224118895
data2,100,90,4.245639832699417,392.88496878851515,2.9096449969888507
data2,100,91,4.378606797669958,181.15138375351495,2.9544789503878706
data2,100,92,3.9077226907322067,204.58442426497078,2.9066550483917735
data2,100,93,4.5276522964674415,306.1624001469119,2.8874161329557726
data2,100,94,4.340584655253546,333.1637846119611,2.955453322672248
data2,100,95,4.338241100651986,198.41488356358198,2.939500372174838
data2,100,96,4.291972798135916,374.6783515551994,2.943978499586839
data2,100,97,4.327744829244846,215.15349075277314,2.971715036652467
data2,100,98,4.286720678423207,316.7746084818256,2.937541297110529
data2,100,99,4.370404070312064,165.3045025473942,2.9809109849241424
data2,100,100,4.508253949911141,190.66732750089966,2.9197371489700137
data2,1000,1,4.292484121444451,291.69532522471843,2.951967986744986
data2,1000,2,4.362428767054523,208.96491087640453,2.9278299735126394
data2,1000,3,4.166596035808547,280.22686897793903,2.9168143003032445
data2,1000,4,4.265643152554642,290.2115941753377,2.9409329990739015
data2,1000,5,4.480445817881043,201.30426728102861,2.934241988694944
data2,1000,6,4.272795154429814,278.57416871429336,2.9368302184147432
data2,1000,7,4.339596875987087,219.67533320395552,2.959725931150261
data2,1000,8,4.276513103846754,717.3021334510136,2.938090654221287
data2,1000,9,4.414922149594767,257.60834736582103,2.988106117357154
data2,1000,10,4.461241869768384,435.681156682332,2.9467457195465907
data2,1000,11,4.211194628649438,476.47217297910845,2.951071456753233
data2,1000,12,4.3334946023787975,1136.0684764197201,2.951227190293453
data2,1000,13,4.18178239904421,385.91626594990055,2.9475734805424416
data2,1000,14,4.784850331048006,269.9740181519136,2.966999286918632
data2,1000,15,4.224198066691452,272.74847068471547,2.964471299826576
data2,1000,16,3.8706349610618442,1650.2156167290586,2.9184883451643837
data2,1000,17,4.029133689656823,385.85326445331765,2.950673860343029
data2,1000,18,4.229862264478601,196.40239565972917,2.922811935154751
data2,1000,19,4.447046575529516,387.7061331719891,2.9382627476005596
data2,1000,20,4.470494199561248,188.7573253372984,2.947527489112805
data2,1000,21,4.331309345031676,356.0990861869316,2.922580422531139
data2,1000,22,4.712098996580477,260.124296142808,2.9830325594385774
data2,1000,23,4.2331021650746665,255.64794905342188,2.92259177039452
data2,1000,24,4.189818507733059,581.1801789259559,2.936691591551837
data2,1000,25,4.205973059822943,681.8398528716892,2.900397257037325
data2,1000,26,4.036724375033849,233.80176362837778,2.917196561672105
data2,1000,27,4.105142576847741,795.8191748760757,2.928958641075659
data2,1000,28,4.3723657525864015,411.8892646294062,2.9190427561631633
data2,1000,29,4.395430380838995,362.06670679820354,3.0111744432094896
data2,1000,30,4.045345153781928,947.3334352794051,2.867218751840651
data2,1000,31,4.316372111608582,220.7456803911475,2.9828872465306655
data2,1000,32,4.309868863697589,249.96767088616156,2.955948884402774
data2,1000,33,4.547457417010182,334.92007150545555,2.909245934300228
data2,1000,34,4.355540727930036,166.3418573525909,2.9452643873101683
data2,1000,35,4.365956296474499,1312.7176790705614,2.985514233387371
data2,1000,36,4.298595516322005,2777.910612719909,2.923140377316053
data2,1000,37,4.361339108572349,178.11953693187513,3.0049868177079158
data2,1000,38,4.324465291406518,310.1179599359182,2.93723778710247
data2,1000,39,4.442929671799286,282.45485505436864,2.9376042373638227
data2,1000,40,4.313273314034995,295.83399952601684,2.9555142215813386
data2,1000,41,4.481873110790227,333.64951711605164,2.983573276596392
data2,1000,42,4.108257134896063,269.265526029794,2.939077317024835
data2,1000,43,4.3723400807443165,199.6559110893329,2.9846095552247336
data2,1000,44,4.5518893757539365,195.3691313797102,2.959238612043124
data2,1000,45,4.184698284330274,179.2220857257075,2.9106303835614473
data2,1000,46,4.239092841096465,640.8548799471846,2.9417361808942637
data2,1000,47,4.527798475200916,298.4453477415806,2.954424465538567
data2,1000,48,4.08579322708036,519.5636626527576,2.924760168707729
data2,1000,49,4.410574332074413,310.693736800877,2.9308351143247156
data2,1000,50,4.496062278003003,283.40512499097247,3.001912681802196
data2,1000,51,4.292532941026234,312.44065024982274,2.9158929423561037
data2,1000,52,3.833662177010706,226.69200027501947,2.9086203982596492
data2,1000,53,4.444907011395854,273.6092678407029,2.9463973175689135
data2,1000,54,4.080569190165859,388.80099588215614,2.9399038859488993
data2,1000,55,4.40538289131577,229.26494931807514,2.9684014798991036
data2,1000,56,4.332947745372813,310.2059716578782,2.9825832656971527
data2,1000,57,4.0685580429783625,200.81881599108127,2.922292112966228
data2,1000,58,4.410517781693318,215.42361706281235,2.9565368798212823
data2,1000,59,4.067563604896259,221.92082296443735,2.855016461843349
data2,1000,60,4.1271074643727905,283.99858325376414,2.9584562477406426
data2,1000,61,4.399043814378707,209.42610280262812,2.9828922736638184
data2,1000,62,4.283608518200728,279.16230481251466,2.9322055424573796
data2,1000,63,4.357642140674973,316.4783273034204,2.9322729816947164
data2,1000,64,4.334896085364052,298.92154286766845,2.9942022891779096
data2,1000,65,4.297344902641343,237.02884894684706,3.01736167213518
data2,1000,66,4.282827660157879,311.83801469096153,2.978278098312951
data2,1000,67,4.4422313834496245,228.42015108987363,2.9390425113331373
data2,1000,68,4.419567740468348,323.36506364580225,2.938569480091817
data2,1000,69,4.180805033917691,540.3078213014294,2.9326760619444934
data2,1000,70,4.192903470090142,397.01514377132776,3.023542297382868
data2,1000,71,4.40315709066657,271.923541107433,2.9344124351672325
data2,1000,72,4.033126124584074,196.21699873783422,2.9211233446835063
data2,1000,73,4.634151474132357,328.95175953695934,3.0015457042724667
data2,1000,74,4.448946301965337,245.00392582204066,2.925250559767189
data2,1000,75,4.035594161194325,4169.109643006642,2.916527028277618
data2,1000,76,4.5552989756316995,1634.5248963945107,2.9873878807889738
data2,1000,77,4.589093961818626,188.50290852119835,2.921769519603568
data2,1000,78,4.290124817295007,147.93589465524877,2.891888078100464
data2,1000,79,4.246065458051236,215.21573255792882,2.942782196150016
data2,1000,80,4.287467175191896,2904.0855226526874,2.938101879029797
data2,1000,81,4.128476310468316,202.6889401223956,2.922942567549987
data2,1000,82,4.335444357190928,436.5527657743968,3.0141369381128875
data2,1000,83,4.116669116024701,210.74930769941253,2.898929870665037
data2,1000,84,3.9342027768485823,239.5510531294134,2.9384035247116542
data2,1000,85,4.501427895317527,233.5221289037148,2.9216542697452796
data2,1000,86,4.453064382503902,262.41004372231134,2.9184165522988623
data2,1000,87,4.309083210115381,225.79816001449694,2.962235697982643
data2,1000,88,4.305828276307125,278.16302889160875,2.9119156125291186
data2,1000,89,4.303538241867945,226.9291736651211,2.9495590793743816
data2,1000,90,4.266597878062595,151.5381854217376,2.9591967298262363
data2,1000,91,4.38086368406576,261.59866968157934,2.947213149604284
data2,1000,92,4.385437623751076,415.20610398564486,2.8928611650690925
data2,1000,93,4.58564647580835,1615.22173764155,3.000407639775556
data2,1000,94,4.536300247312501,305.40237082962705,2.9731007054538368
data2,1000,95,4.089498324692016,182.1739942099564,2.9433071204044525
data2,1000,96,4.158544743460326,217.52040619962543,2.864340435342019
data2,1000,97,4.408313639187646,248.77842177550374,2.970275087077076
data2,1000,98,4.25631115142503,262.54972164292343,2.932523530306193
data2,1000,99,4.331105358653595,253.58126473661903,2.939637503280165
data2,1000,100,4.467980547414479,156.2783094919793,2.9326778082362988
data3,50,1,1.8629455566884963,13.632184315567288,2.506763087643138
data3,50,2,2.063988136335778,15.294716906370207,2.6382831716200577
data3,50,3,1.904645758607649,13.759264083292763,2.759114240854242
data3,50,4,1.8314276321991196,13.416743582141141,2.7247846273700187
data3,50,5,2.1897315512041913,15.878903300504351,3.017401214114967
data3,50,6,1.936239977157506,14.438543357141162,2.8933994274143044
data3,50,7,1.9813021630890344,13.849783436302806,3.0413776905599224
data3,50,8,2.0436249329313116,39.704340344845534,2.8038474066339067
data3,50,9,1.6612062031992678,16.105319720276803,2.5854272138029555
data3,50,10,2.0459302450967596,14.630711426429505,2.841992143239581
data3,50,11,2.011581262594564,15.075138683734036,2.7949364227087026
data3,50,12,1.6036693317359865,12.975583589994406,2.7454895733983515
data3,50,13,2.1506448647408014,15.500500980377824,3.0087007784584894
data3,50,14,2.047055212852286,16.43700209606994,2.807784570917959
data3,50,15,1.598796769621835,11.67949632064412,2.734186659930838
data3,50,16,2.2235776881821905,16.339841440863065,2.802452054069046
data3,50,17,2.0827956909660017,16.343439283797952,2.851832164115034
data3,50,18,2.436788931665492,18.288010869049906,2.964543280492292
data3,50,19,2.4549252004309645,16.959114081755008,2.857373677732172
data3,50,20,1.9272144548460344,14.243276402416566,2.6408097614579216
data3,50,21,2.0359466545387037,15.25594366298067,2.9311236281573234
data3,50,22,1.9665816514605494,15.134503554953351,2.7830040111136642
data3,50,23,2.295828075497163,17.59848437153656,2.7625248008915433
data3,50,24,2.180218909519713,15.958960353854623,2.6825318121024417
data3,50,25,2.371338990586305,17.337427245641784,2.9897444721587947
data3,50,26,1.8005279747017433,13.951589105830584,2.8347266392452086
data3,50,27,1.7399407015099622,12.861370482948914,2.4371400593969366
data3,50,28,1.9719381048855542,15.90769099005755,2.8030427132341225
data3,50,29,2.3168241336717696,19.373055571621073,3.027266135408868
data3,50,30,1.9161470211557907,16.230139950316367,2.896407724887498
data3,50,31,1.7891675109035183,12.070555611327434,2.6806918007041682
data3,50,32,2.0361524745942656,14.953860172762488,2.940041620435975
data3,50,33,1.8880888032884122,14.867993531184668,2.8463373263298233
data3,50,34,1.8800808080005256,12.639688092942508,2.724742563609007
data3,50,35,1.7743007453666175,13.871604344930876,2.780611042028978
data3,50,36,1.957829145744033,14.121542144825302,2.7673268834935856
data3,50,37,1.4072299556032162,10.709946341609635,2.5847483766485526
data3,50,38,2.0402568398563568,13.897769094993127,2.7925886411070864
data3,50,39,1.9673019037393615,14.920169241247317,2.9344471428328136
data3,50,40,2.0784184108698334,14.671687889246149,2.8450362854902855
data3,50,41,2.0832344184058353,16.192021315158375,2.9146542613604085
data3,50,42,2.000416941562507,14.742226327958877,2.803861542784619
data3,50,43,1.918869059856695,15.806666635865174,2.9743848040908785
data3,50,44,1.6122345159891773,12.1338694922121,2.606212040215128
data3,50,45,1.9531502808891683,14.980113946889661,2.7119560776399574
data3,50,46,2.1727197443805175,16.21182490514126,2.9164121209503064
data3,50,47,1.9246339298668833,14.15691138264985,2.9201126819108985
data3,50,48,2.1054748667453804,15.305166760205049,2.58375218830313
data3,50,49,1.7527474390321873,13.047640381953226,2.9417926680404816
data3,50,50,2.3202358814555692,17.578938716023877,2.788674930007791
data3,50,51,1.991913789527707,14.750577680246044,2.8802489076525353
data3,50,52,1.8837662450294026,14.883780521596451,2.873449305351389
data3,50,53,2.1552339878467697,15.96659009039195,2.9381817269280774
data3,50,54,2.065379513422824,15.189982969755636,2.8970044545486404
data3,50,55,1.8864976202857862,15.914009570507337,2.7472941105924136
data3,50,56,1.930296763400913,14.563160111611543,2.796981590360898
data3,50,57,1.9785788207117556,16.681607594144438,2.8197650110950905
data3,50,58,1.7948247643183748,13.422280871530024,2.6438800822253166
data3,50,59,1.9694970583241809,14.187451254657077,2.826450241366232
data3,50,60,2.141278293917478,14.96576780101119,3.0282290113626025
data3,50,61,1.906336339202182,13.4279260540865,2.619501231372249
data3,50,62,1.6717472328707592,12.67270865294563,2.572207060334456
data3,50,63,2.106242740349659,15.787374015527899,2.815804572617789
data3,50,64,2.4141823159015,19.261801297487466,3.1167104403306682
data3,50,65,1.9917491138270182,14.525329160891387,2.911927170278271
data3,50,66,2.425742642568973,19.117242772151577,2.7016418636563264
data3,50,67,1.9530440170146122,17.187780884025123,3.010538460372657
data3,50,68,1.7261247029154294,13.103705595279349,2.6918001241200065
data3,50,69,1.9730884479949453,13.755823267752282,2.8489339749267995
data3,50,70,2.037008649348884,14.852667029627975,3.0977353582113425
data3,50,71,2.1970773200760325,17.180253499064705,2.8814202484119047
data3,50,72,1.8341071757782015,13.639070805463206,2.597783327819095
data3,50,73,2.016906765637545,13.682199152738159,2.7728473500827464
data3,50,74,1.8601930339261026,14.554534201045936,2.823404570309234
data3,50,75,2.14449189361102,16.232580216383035,2.9216791320238804
data3,50,76,1.8844411769332587,13.708314628839947,2.793493038707063
data3,50,77,2.14466307323837,15.662136205828267,2.9484863257431306
data3,50,78,1.9826683761315498,15.48962088823782,2.8786643228499043
data3,50,79,1.9809137432331734,13.515470981485828,2.7960450237738725
data3,50,80,2.167304127996871,15.46795048686753,2.859784447575113
data3,50,81,2.0710299438170203,16.400692237694503,2.994793764114636
data3,50,82,2.232137099502882,16.84165208419629,2.9247871501649585
data3,50,83,1.5327293640961595,12.587067062657361,2.601187291658546
data3,50,84,2.128802131538315,16.253709430969604,2.7569370324198506
data3,50,85,2.2520870723150774,18.46302438549704,2.6980801564560797
data3,50,86,2.390568519116296,16.354626891327044,3.1280765800857266
data3,50,87,2.4435826485997385,18.135692269178733,2.9960000583838737
data3,50,88,2.1218210506030215,15.743411050743589,2.7574826954614537
data3,50,89,1.9636897713967776,16.21175813000878,2.7963399236576976
data3,50,90,2.1784470718610485,16.002359036807114,2.858046482210159
data3,50,91,1.9591047573193052,14.284798275471495,2.948873734661928
data3,50,92,2.177051518106925,17.201883019494996,2.9163657089565924
data3,50,93,1.9468328545004636,15.567983763798466,2.74217523006092
data3,50,94,1.8795040412413446,15.24438108368076,2.8005634956799166
data3,50,95,2.1314428305477566,16.540309981946557,2.852589765212709
data3,50,96,1.9364513433681074,15.131488934591378,3.035535966699877
data3,50,97,1.8858801344488514,13.686676745408406,2.983205931765771
data3,50,98,2.3368481815380404,16.334124534287568,2.862312452596616
data3,50,99,1.7858770153153214,13.330434130521706,2.576684851612885
data3,50,100,1.8766164764630604,14.792816416700601,2.8278059193549434
data3,100,1,2.150350817696623,16.394319424399544,2.90407468070808
data3,100,2,2.141338540459883,15.583960860901556,2.805711699961941
data3,100,3,2.1026638901558763,16.073205400989682,3.01877810666534
data3,100,4,1.650638397828291,13.10286596574907,2.6627148702814485
data3,100,5,2.091972930465235,16.135578760965423,2.807817003797429
data3,100,6,2.093141246393007,14.151670847801705,2.9311461894856414
data3,100,7,1.44437716809312,13.155070199229426,2.5020644992174232
data3,100,8,1.8480302580347097,14.38376029968956,2.9374167453407827
data3,100,9,2.194310449987024,16.408299364742106,3.089247434085729
data3,100,10,2.121812964841539,16.05529514026727,3.0046945127298614
data3,100,11,1.8717867406616095,13.39300339453821,2.794423851568395
data3,100,12,2.4115646810917877,17.777574426068746,3.121204459978466
data3,100,13,1.9285516177473365,13.724403826123629,2.7969327384313507
data3,100,14,2.0379750843672535,17.53630688241423,2.9355730687260047
data3,100,15,2.0157954498671695,14.153304729945711,3.066383118556445
data3,100,16,1.9156766541546035,14.464690213544761,2.6974605864799464
data3,100,17,2.125126877095219,15.60960890072535,2.7616941016002348
data3,100,18,2.0971900198021705,14.744278028889271,2.821761352966838
data3,100,19,2.2130115555097656,16.413699912985983,2.8983165820470855
data3,100,20,2.1338579082093996,16.26218817894643,2.713426884437238
data3,100,21,1.9150494017913884,14.953416488676954,2.8807151575171077
data3,100,22,1.5482408552473448,12.14642127289779,2.937469288922277
data3,100,23,2.067334688411961,14.528909660731838,3.050436366024991
data3,100,24,2.3057539264810387,16.962418531265104,2.9105016626416846
data3,100,25,2.18932321775342,16.423853169042903,2.9629740678682257
data3,100,26,2.0474821114349426,15.507389429629209,2.948217910084931
data3,100,27,1.94343820501302,14.344433433467332,2.892928801297637
data3,100,28,2.1218206481555257,15.553721247012477,3.0570380224712235
data3,100,29,2.4155056639651207,18.88428532466164,3.1555520713191116
data3,100,30,2.0698821860805374,15.66052440370291,2.9251518736799644
data3,100,31,1.921766989269139,15.153813915422196,2.7256141886279432
data3,100,32,2.0437588413240078,15.645133115696655,3.013765318959302
data3,100,33,1.8979707689814822,13.858591072996147,2.648810215105369
data3,100,34,1.9095985322501092,14.506444096933865,2.9210781851760275
data3,100,35,2.2709848276854347,16.30832777917344,2.9208818912139525
data3,100,36,2.251938198752384,16.49242886468243,3.0481392516443804
data3,100,37,2.225469928759419,16.7885808477854,3.0122852362129784
data3,100,38,1.8184740633283116,13.278621025701504,2.502938673451429
data3,100,39,2.2562527471245883,16.104933961624273,2.832454598743762
data3,100,40,2.2600799308550306,16.870075824234103,2.9543806544110294
data3,100,41,1.8682244501740006,15.431428418902446,2.7266583328826925
data3,100,42,2.258719311672359,17.415327062454082,3.047265957153165
data3,100,43,1.950728646492736,14.927155752545989,2.6944197424118714
data3,100,44,2.2275453803055654,16.718190307204967,2.9564051702623115
data3,100,45,2.02364722359421,16.26040327078374,2.8618512885681606
data3,100,46,1.902050283586738,12.94991772235267,2.8836045209731345
data3,100,47,2.1942385074619146,16.687154200113728,3.116952960500043
data3,100,48,1.8637701471096615,14.215213480641403,2.8446005467887265
data3,100,49,2.118589297974755,16.071209137918036,2.7967056796754015
data3,100,50,2.6032592409853836,20.517697712942056,3.0372771018712434
data3,100,51,2.255574205457077,16.15090518504471,2.9939323388995494
data3,100,52,1.893422392970903,14.126368861750205,2.772089290208738
data3,100,53,2.000521809522313,14.560154521929524,2.8701554846430297
data3,100,54,2.0714288486483614,16.14648173472894,2.7953741390714106
data3,100,55,1.8341360842927152,14.764684033715133,2.793785162016259
data3,100,56,1.9933293489999913,15.22793071340831,2.731003402298708
data3,100,57,1.8939724730983818,15.832673648252655,2.7746138031038847
data3,100,58,2.0423138337053017,17.266836785615165,2.8083867210858156
data3,100,59,1.587060433002973,12.441026188171882,2.6976547763224423
data3,100,60,2.055985650366706,15.372990037547602,2.695666191271317
data3,100,61,1.8348852332929786,14.55794736258115,2.6563383461715335
data3,100,62,2.0409046212346613,15.077310894891784,2.933903269177897
data3,100,63,2.0552685279219225,14.65938453353443,2.8019712309171103
data3,100,64,1.951065934112831,14.396910126072552,2.8704642418294064
data3,100,65,1.8142142890925035,13.744121491299504,2.803580807209231
data3,100,66,1.7702081685831605,13.099927624346705,2.689491651734391
data3,100,67,2.2847295263179244,17.630845377185985,2.96420983279256
data3,100,68,2.1214171254525787,14.985410322390083,2.6163904186522227
data3,100,69,1.739263113022532,13.347770890363234,2.6993127109792607
data3,100,70,2.040886986052727,17.31086137059293,2.904365576496401
data3,100,71,2.2017040398226295,18.063072325367006,3.0257200268878206
data3,100,72,1.9385631218143178,13.645537919368628,2.7262659285753417
data3,100,73,2.225683477171685,22.492793054711075,2.672580526247685
data3,100,74,2.1422933543542695,16.945702978133507,2.9005134631159013
data3,100,75,1.8624095774968852,13.713135936149273,2.636020072757553
data3,100,76,1.9543674236502109,14.25543028150518,2.9667454706459044
data3,100,77,2.077638568658209,16.01314364640197,2.7763048440401907
data3,100,78,2.007156254302949,16.343736719675782,2.8132453934893555
data3,100,79,2.273510312771295,17.38204763555789,2.986682761096269
data3,100,80,2.0359174652579517,15.173970435668165,2.756977068653479
data3,100,81,2.274585609047287,16.677907949618483,3.083230961929391
data3,100,82,2.314736502326776,16.822426143438037,3.0077719166837933
data3,100,83,1.8129018524553093,12.1436063526266,2.8418093716453687
data3,100,84,1.9116519306257709,13.707264898812127,3.0060439900956846
data3,100,85,1.840927334128576,12.682867621057682,2.800718969684023
data3,100,86,1.9763667240320086,14.07218899664218,2.890612720163974
data3,100,87,2.245516306845816,17.844823460231357,2.7763060918361058
data3,100,88,1.7784208252015872,11.28418105522304,2.8913185239103343
data3,100,89,2.0733900077895555,17.307484526902297,2.9163669729302466
data3,100,90,1.9853759566153646,14.274927415464852,2.9906051521000596
data3,100,91,1.8606027968717844,13.870969819214007,2.9129282003012764
data3,100,92,1.9627740874992678,15.367298566386056,3.079117186867523
data3,100,93,1.9462170902774132,14.70247256466575,2.960495544971167
data3,100,94,1.9050802387086179,13.833231200615076,2.761801861369113
data3,100,95,2.097133519276806,14.730873882770018,2.923935127484551
data3,100,96,1.735486453060518,12.561642909956488,2.7755251989422836
data3,100,97,2.1490059847504948,16.155890942024502,2.787811717665947
data3,100,98,1.7589637438164634,13.812975681362575,2.670324956098657
data3,100,99,1.8850364163177102,13.509300168564373,2.8101369769366324
data3,100,100,1.738669551417014,13.817709850818316,2.490646066811672
data3,1000,1,1.9785049920584643,14.973651420533693,2.7941120884227097
data3,1000,2,2.1862293584741197,17.30242110787667,3.003778999542055
data3,1000,3,1.8723314804638225,13.679532208490702,2.939814168060929
data3,1000,4,2.361077801336563,17.646631726892494,2.9538762011901465
data3,1000,5,2.2491270457875863,16.76132292972984,2.8659194380455775
data3,1000,6,2.0412257516251233,15.441606486625057,2.818034731036807
data3,1000,7,1.8081504899823424,13.692772562460686,2.8496622690664686
data3,1000,8,1.7951396385900442,13.290944550948296,2.6729763449566395
data3,1000,9,1.9563416150386606,14.042767157466646,3.0137559644631393
data3,1000,10,1.791229411262022,14.190676146568148,2.7131718107771485
data3,1000,11,1.966544704941856,15.11527919779777,2.988900531526619
data3,1000,12,2.2455157742664227,15.66904299124004,2.840311520457062
data3,1000,13,2.0628442254198482,15.176642637826271,2.8468099004077976
data3,1000,14,1.8248411421948847,12.754840796326658,2.9329485266335062
data3,1000,15,2.005415349219918,16.158608924452636,3.14192567338167
data3,1000,16,2.0807115711014754,15.63114168099364,2.874392957681325
data3,1000,17,2.061689142914146,15.376861768469476,2.876829854751281
data3,1000,18,2.0530874898640716,16.562241111083623,2.9760242315626497
data3,1000,19,2.007302890459481,15.228146026298095,2.888113164735645
data3,1000,20,2.011739021886309,15.567602191823354,2.9094804521611173
data3,1000,21,2.063880185786122,15.392909323890041,2.787326790047644
data3,1000,22,2.0962577269955673,15.906271413007648,2.879964989305674
data3,1000,23,1.9660586692655657,14.956566525252416,2.8281015198242425
data3,1000,24,2.061358889994648,14.746415493290572,2.97780493770811
data3,1000,25,1.8587137310714403,14.472458532495674,2.9054074781405164
data3,1000,26,1.9580172189791756,15.30949293226608,2.9500058653814785
data3,1000,27,1.812253752351887,14.137953023844787,2.806631788459957
data3,1000,28,1.9020900248021544,12.563845035320947,3.043317317161727
data3,1000,29,2.102599115129399,15.703310445627,2.7987196725596233
data3,1000,30,2.2790847167281982,17.244517552233624,3.1071753000168654
data3,1000,31,1.9596451556752512,15.671334447045895,2.8309704978485377
data3,1000,32,2.117302573556843,14.88920978483144,2.9166165021080657
data3,1000,33,2.0931142807467955,15.867248925118025,2.8655247659622973
data3,1000,34,2.0703277229139747,15.581215769611823,2.9411915045381494
data3,1000,35,2.1234185682556674,15.419886561379867,2.7842517390805273
data3,1000,36,2.1135209500777603,15.889768758888154,3.0363646139870366
data3,1000,37,2.146765332827369,16.89824587751893,2.873682886490877
data3,1000,38,2.2505171740743903,17.241353022710527,2.7959343462644166
data3,1000,39,2.148922190708177,16.75452953627526,3.227533877775034
data3,1000,40,2.3464871222218866,17.25949807185264,3.0023825499184214
data3,1000,41,2.063147259654034,15.374191213191102,2.9878836329494085
data3,1000,42,2.018008769267634,14.842013608836293,2.83493490725767
data3,1000,43,1.9912871126324423,15.192575700299098,3.0017052653802536
data3,1000,44,2.2006266606121785,15.622919301354656,2.9704745335723493
data3,1000,45,1.904970329911644,14.479786419672113,2.7324513631311294
data3,1000,46,2.236008665772274,17.161559282353753,2.979504462590937
data3,1000,47,2.0676346236671233,15.506877979985042,2.874870982000884
data3,1000,48,1.9748615748987328,16.22833648590097,2.879524667802408
data3,1000,49,2.1318164045645847,16.711352884087812,2.878112149617199
data3,1000,50,2.08692053221032,15.296704312516193,2.9215928510705815
data3,1000,51,1.9672892962556061,17.381755863856768,2.781417120735149
data3,1000,52,2.069196181072432,14.985177314454315,3.033802718326582
data3,1000,53,2.203753788407676,16.465174535389536,2.9341543805508286
data3,1000,54,1.9103343290602566,13.689569753326984,2.6427308534880423
data3,1000,55,2.089805921735916,441.6685438486531,3.0655521518260445
data3,1000,56,1.991000698929992,15.023330318891725,2.879961621355308
data3,1000,57,1.84369705045754,13.661801305870888,2.88284865921447
data3,1000,58,2.110619195404023,17.050367854527188,2.951462719933943
data3,1000,59,2.0647904335816216,16.223954803491544,3.0147677994745465
data3,1000,60,2.060595222052849,14.993386327033404,2.8189988497925276
data3,1000,61,2.03705126711507,16.122458114278224,2.77917257418561
data3,1000,62,2.1240746793380327,15.846817996139634,2.92752231157476
data3,1000,63,1.8628469116470392,14.517812496012827,2.7245779927331286
data3,1000,64,2.0752711372763435,14.90751712195107,2.8846252373584993
data3,1000,65,2.0864622507040074,15.398439786880743,2.844050468539516
data3,1000,66,1.9386082842415129,14.510163373784277,2.6023063147393817
data3,1000,67,2.303651353065181,17.16269049626646,2.9898573623052833
data3,1000,68,2.0455665740852758,16.190389116170593,2.941079660418049
data3,1000,69,2.109653782556894,17.095775003600004,2.9069202829079344
data3,1000,70,2.183027786949927,15.554463146845759,2.794700074818904
data3,1000,71,1.9439966495797563,14.643552834984487,2.7872288412969373
data3,1000,72,2.019976299092012,15.675882035107817,2.7843450851994134
data3,1000,73,1.9809604511002683,14.137641494035655,2.9001584002838685
data3,1000,74,2.047898289516532,14.490742499894086,2.9797453181875504
data3,1000,75,2.137937438272343,16.00422576643868,2.8915264548350343
data3,1000,76,1.9223335516577258,14.347186395807288,3.034959070359791
data3,1000,77,2.057600589905786,15.031525172785706,2.9298076581901653
data3,1000,78,2.1957343638368085,16.384564057254572,2.6738521013380763
data3,1000,79,2.2761365745817272,18.062259877851844,2.807913063651187
data3,1000,80,2.030415491925599,15.04666451264237,2.854075382661676
data3,1000,81,1.9823536355752447,15.273888884001172,2.9396751804121934
data3,1000,82,2.1019610743442882,15.096398315937181,2.798198356299224
data3,1000,83,2.0480326071527766,14.705026684398842,2.9701464268373434
data3,1000,84,1.8519511223697414,14.648011526744876,2.667928667441944
data3,1000,85,2.1030293336690553,15.964546176214203,2.8708750305825945
data3,1000,86,1.916398274691738,14.972390613416495,2.873549696558297
data3,1000,87,2.063818373250439,24.006737294450055,2.89495264746596
data3,1000,88,2.349823631398062,17.870219029883025,2.826058289687734
data3,1000,89,2.014583491920301,14.81525684615168,2.933895788903192
data3,1000,90,1.8680768974074777,13.221956024116682,2.749733853069031
data3,1000,91,2.094597110161809,15.537541997895325,2.912212762666615
data3,1000,92,1.8458025765553676,14.096960429502554,2.759850087778864
data3,1000,93,1.99548867181469,15.500244754411941,3.044450549587508
data3,1000,94,2.050036703163811,15.975309496242888,2.8537994458446665
data3,1000,95,1.969899766517543,16.76111526988291,2.654304969185006
data3,1000,96,2.151247767523397,17.004007001359025,2.8500413680488306
data3,1000,97,1.991449707583662,14.498979977172851,2.7761725754848836
data3,1000,98,1.7521363099281684,13.962312699163535,2.684117036723593
data3,1000,99,2.1297737233264367,16.770251861306793,3.0266997410069454
data3,1000,100,2.1548972481082553,16.313551135470597,2.8942315039337645
data4,50,1,2.089476307420578,24.501288506465123,2.924216271348473
data4,50,2,2.2241171972811338,27.108676777304602,2.968630205810369
data4,50,3,2.007816305617722,22.634736531622554,2.936643785429558
data4,50,4,1.9768783237525485,22.291840959502345,2.8260772563976917
data4,50,5,2.0546275996122856,23.743347540198528,2.985685547845618
data4,50,6,2.152722155169952,23.886571461491926,2.8867021407998026
data4,50,7,2.0433499013169656,21.726550527991918,3.0785247844722723
data4,50,8,1.874534274413033,21.599081377204065,2.7197289458447327
data4,50,9,1.9729195292756976,22.890615095870324,2.882028128325341
data4,50,10,1.887962450939556,21.73445218930314,2.67951965542152
data4,50,11,1.9185344704874334,21.209655456507054,2.8614386112002306
data4,50,12,1.910616885456206,21.848175026215667,2.7248855764940765
data4,50,13,2.0799826106196813,25.549765384426316,2.9957832520252015
data4,50,14,2.0870406541923874,25.880412105037813,2.8744281072585376
data4,50,15,2.0286572682044146,25.091485289828608,2.914468036791044
data4,50,16,2.0757500519887135,24.61368150868451,2.8932714385336773
data4,50,17,1.9394534021636594,21.33573252023993,2.815456494129262
data4,50,18,1.9736838329057946,21.79387728787265,2.946772423293594
data4,50,19,1.9151055377796806,21.9666712503744,2.795004835171245
data4,50,20,1.8547389798497564,20.831232882806987,2.8865634436890426
data4,50,21,2.107690024582657,26.87173875714375,2.8094233623795213
data4,50,22,1.9204395464892974,19.92847989196973,2.7540404184572878
data4,50,23,1.849777928815447,21.549598800656447,2.7220722084586755
data4,50,24,2.2207616881213332,26.315113539300782,3.0272034191646666
data4,50,25,2.0896355395285955,25.16566888162724,2.819124819703525
data4,50,26,1.917283022357967,21.373236974482815,2.7817403177957485
data4,50,27,2.008293621787342,22.835990296649854,2.8399864112536815
data4,50,28,2.137029697689577,25.011698604392024,2.984407310924244
data4,50,29,2.101257358357469,24.11685340534876,2.9210779145073102
data4,50,30,2.076738057370463,23.60783819660742,2.9310452717973714
data4,50,31,1.902629559006892,21.496493983989698,2.854853012160039
data4,50,32,1.9918445445707844,22.005043295219053,2.870152654083925
data4,50,33,1.932468956484196,21.727181858103346,2.818771091566574
data4,50,34,2.107150598073285,23.999107390598766,3.0124952013988713
data4,50,35,2.076506729512782,25.951917056385522,2.9305867721003898
data4,50,36,2.0053726476638225,22.40600450956888,2.76613645770416
data4,50,37,2.084070262096072,25.407766213901322,2.906299315900773
data4,50,38,1.9217500210293885,20.687749174440118,3.026478508941182
data4,50,39,1.942073059221002,20.564185754609984,2.7985829904419752
data4,50,40,2.2722406088950136,28.61951450926376,2.9683959393555575
data4,50,41,2.190141804551088,25.015116284314065,2.9804120625507706
data4,50,42,1.998137271809967,21.62671530856662,2.8993552319792864
data4,50,43,2.073453339843599,23.563223369709014,2.963221304056505
data4,50,44,2.12511962173074,25.67403603925913,2.9402968906076055
data4,50,45,2.252458538493716,27.475225085278975,3.041014587950291
data4,50,46,1.9838951902252249,24.351290332169643,2.831768447570436
data4,50,47,1.98459936654338,21.863681063770603,2.8679366014053693
data4,50,48,1.9596399911642324,23.326087922649688,2.6828033891772387
data4,50,49,2.0248555765710927,24.174467830544145,2.7729573001130627
data4,50,50,2.201105890317909,25.62643262041534,3.066048457252024
data4,50,51,2.0250897460774326,24.03326929852779,2.8343485158817256
data4,50,52,2.0472991130702183,25.12645437695664,2.9335304009814798
data4,50,53,2.087654843635845,23.068764834850374,2.8091142140393566
data4,50,54,2.131839137717973,25.146680009944145,3.0261097980982186
data4,50,55,1.903018827578212,22.947273925256685,2.7289738947313014
data4,50,56,1.995002942733794,23.22872475802142,2.77927994142895
data4,50,57,2.135511202922859,25.776205328404917,2.9614396116719535
data4,50,58,2.1572516991190405,25.05797431826141,3.0714167455085706
data4,50,59,2.0937909961903554,24.417376809151158,2.8358047030726237
data4,50,60,1.9434599541038955,21.384035905737626,2.8296179559254218
data4,50,61,2.247276651097709,26.260335107639172,2.9818118432965526
data4,50,62,1.9432237202133231,22.095865953397546,2.983511873528716
data4,50,63,2.1290068355033527,25.129071440684413,2.8054451269293557
data4,50,64,2.078097499313534,24.698975912464288,2.8229497287537817
data4,50,65,2.0069997377523032,23.631093549223998,2.9766423156620108
data4,50,66,2.070545156965544,23.845965176467505,2.923237076222701
data4,50,67,2.2530666607725918,27.31954302483362,2.904175843954853
data4,50,68,1.9161266553037093,21.440846591812086,2.799516736211345
data4,50,69,2.029701240395739,23.886702192513226,2.816854980994683
data4,50,70,2.0585161269207863,25.00394475365187,2.943020981724876
data4,50,71,2.1212228913370548,24.60491110701127,3.0016227434172573
data4,50,72,2.1486166936543643,26.364817068014716,2.9381408184856124
data4,50,73,1.9959308205415451,23.155291904415623,2.8352306592447576
data4,50,74,2.120064167351283,24.499602529781956,3.0238698267567785
data4,50,75,2.089697539335213,23.372757320731054,2.9164704371946226
data4,50,76,2.1197627646555466,25.38992750470258,2.9385276365689292
data4,50,77,1.8015812964075328,20.843244264187753,2.668047234154876
data4,50,78,2.188301272886058,27.307532800950057,2.8866362548137503
data4,50,79,2.055719845838495,23.473221610289016,2.790720028658577
data4,50,80,1.9234476053122656,21.766745334344474,2.8089871849241197
data4,50,81,1.940240889330892,20.934367543144965,2.9083735896048566
data4,50,82,1.8420379763091415,19.771835727264257,2.8043985531087765
data4,50,83,1.821798369831203,20.660534728947464,2.7391444934982396
data4,50,84,2.085393729467735,24.441124905415496,2.8335736943645706
data4,50,85,2.125461177059747,26.396196908606047,2.8381028663248804
data4,50,86,2.0107510437590244,22.654950265339885,2.8946064727669745
data4,50,87,2.012755775261421,21.715031421429224,2.8937398203897113
data4,50,88,1.8082224379413523,19.60532009913179,2.772326131319924
data4,50,89,2.2411365267584604,26.57444392255033,3.0671311304231303
data4,50,90,2.1688416360490717,25.344045334759407,2.8833698180672283
data4,50,91,2.1011967874383246,24.884784359585904,2.9225743255519148
data4,50,92,2.129102722921545,25.244720470447735,3.0464627496839327
data4,50,93,2.0011290077477666,21.746947688628417,2.8860201109596897
data4,50,94,2.021291984872655,23.94558088456311,2.720215740171869
data4,50,95,1.9976532379977618,20.98256546743233,2.9245505246401904
data4,50,96,2.119380173850948,23.817237739149167,2.9608843979721575
data4,50,97,2.170117228932737,25.99798306055866,2.9370613564506813
data4,50,98,1.9708383983802487,22.422214579426374,2.962767892231163
data4,50,99,2.046093239278918,24.615044956994222,2.975466282370893
data4,50,100,1.9141923649795531,22.48340238083493,2.769684791773818
data4,100,1,2.0490678836146987,24.07745480059625,2.8959774255009516
data4,100,2,2.1238596011105457,26.30088323550442,2.9227709634930465
data4,100,3,1.8030470701058756,20.03049885834772,2.9152709449664593
data4,100,4,2.000558101732624,22.193461457246226,2.8630398574539973
data4,100,5,2.102321844992751,24.681672998040703,2.8028686567629486
data4,100,6,2.0168169145115207,22.528756382676832,2.8646985422257694
data4,100,7,1.9745564089486922,21.724802448938547,2.941495540022784
data4,100,8,2.054432028948485,25.467481557618704,2.9280409791773225
data4,100,9,2.1838547248437337,25.622078567109654,2.9881786115738755
data4,100,10,1.9337559830293594,20.937012861121342,2.867591296123012
data4,100,11,2.104168239145198,24.636398230157905,2.9630061991985035
data4,100,12,2.041097064277262,24.050437999427466,2.8578710123247344
data4,100,13,2.006571843823401,22.892007338308737,2.9839055106017858
data4,100,14,2.0128116558737097,22.94500096786009,2.9586801611507187
data4,100,15,2.2078474699419823,26.08045022277508,2.844447953934503
data4,100,16,2.094520564985108,24.03831064998217,2.8402982815517164
data4,100,17,2.140719198264962,26.140286942700218,2.994025965156127
data4,100,18,2.1951220398873064,26.369429094031442,2.9036106982117773
data4,100,19,1.9621592411298312,23.413152426465942,2.90421781769003
data4,100,20,1.9296815438356358,23.286875406752632,2.771446707164914
data4,100,21,1.9401665038419869,22.104911566963573,2.8752162848307425
data4,100,22,1.7316423355444692,19.857736001103703,2.623720264813492
data4,100,23,2.117147299194167,25.17571866239092,2.980604816815381
data4,100,24,2.0120706069657874,22.690852122553576,2.9623566928150855
data4,100,25,2.3375926590923397,27.017574538929708,3.1029122305740606
data4,100,26,2.027057105497316,25.275500013291875,2.7934063466851273
data4,100,27,2.1014745062596485,24.002420109695368,2.983177564799857
data4,100,28,2.1052965253900386,24.095772799240105,2.9402722412127416
data4,100,29,2.139187145964705,24.292163138787647,2.991592920788726
data4,100,30,1.920101617133023,21.630198059816355,2.8432194425407453
data4,100,31,2.0274160828209125,23.377297901051193,2.8340230902750343
data4,100,32,2.090059530948346,24.4877242679543,2.949891173749775
data4,100,33,1.9447167281067115,20.78141240143202,2.726330527604118
data4,100,34,1.9695785013580887,21.645023650396176,2.8524074134336366
data4,100,35,2.0326344522394573,23.93914150760714,2.7957335364409164
data4,100,36,1.9775239739900503,23.241271821575776,2.809372250674014
data4,100,37,2.049461720203178,23.628193548819727,2.957027072425036
data4,100,38,2.1599660077457155,24.496633582642485,2.916990018728325
data4,100,39,2.1166507179844762,25.009959339624547,2.9255769544347987
data4,100,40,1.8622037490272922,21.32906585477392,2.7814385592140103
data4,100,41,2.0554486953124065,23.24126569094756,2.883919172337388
data4,100,42,2.0985268353994746,24.781229627540846,3.011664488624172
data4,100,43,2.1359917022476687,25.275869718038553,2.9218116643620813
data4,100,44,1.9719314969420467,22.693808125256627,2.786157832582824
data4,100,45,1.9547717564361142,21.705673584123648,2.8930584504297965
data4,100,46,1.93309319089259,22.143250417547293,2.829719847958708
data4,100,47,2.152417823710921,26.308941226495108,2.865158748698184
data4,100,48,1.9896853774601662,22.439145150578092,2.8978148805450994
data4,100,49,2.0187044824408633,22.519028097495493,2.8261616120710515
data4,100,50,2.1015677351289312,22.774824682369676,3.0342627059080716
data4,100,51,2.008974592913776,23.012696495448036,2.8908632147564846
data4,100,52,2.0456069852313026,23.644248675841286,2.9784713510358527
data4,100,53,2.083466868754823,23.480745746985235,2.860097106536518
data4,100,54,1.983940213444831,21.9433854349172,2.8165471415947145
data4,100,55,2.054307189931344,23.61972452641184,2.845662330822753
data4,100,56,1.894260162904179,21.826518794627443,2.754349460416126
data4,100,57,1.9146144371312643,21.271634967180578,2.8053346110091266
data4,100,58,2.0104921935683353,23.880292566734806,2.940759420984093
data4,100,59,1.7871576363090644,20.164606361150224,2.6788460174586204
data4,100,60,1.9945839322333803,22.533627782539632,2.895757344023558
data4,100,61,2.0550190756331124,23.581747593167808,2.9150509129973923
data4,100,62,2.109750508880827,25.661319110205127,2.649779185299763
data4,100,63,1.9615045517298995,21.59803057971588,2.890384373689804
data4,100,64,2.034578515503664,22.98619716686306,2.845196102502163
data4,100,65,1.9275326724083768,22.22594047144967,2.8268515739662985
data4,100,66,2.1986372359506845,25.719272502628215,3.064254077802835
data4,100,67,2.21405321105459,26.934870023807083,2.902225595410734
data4,100,68,2.1830003883047264,25.60134999587278,2.881590160441107
data4,100,69,2.1775375600730826,26.326997042012103,2.912811631169452
data4,100,70,2.0602705732508233,23.57163174098433,2.8525882896140615
data4,100,71,2.001706006993567,23.819833462823542,2.8415266113420548
data4,100,72,2.1207760516978165,25.61803415519448,2.9770091877133
data4,100,73,1.9252420781908333,21.15942400396834,2.790946729528647
data4,100,74,1.9394954335925831,21.843653660476647,2.9219720770569313
data4,100,75,2.1372464623136325,25.320985587563747,2.905434606041617
data4,100,76,2.0211749252018585,22.266983995921187,3.0365675802103613
data4,100,77,2.238997744695398,28.053797140731373,2.956199656953255
data4,100,78,2.0826392715363826,24.187671643954264,2.9781518307374246
data4,100,79,1.981125001271435,22.05280868944012,2.911863848179039
data4,100,80,1.9283581496190616,21.545625343450656,2.8109575920220564
data4,100,81,2.1698963552026753,25.780963762548925,3.0475210315519115
data4,100,82,2.1959706799389638,24.80199788460443,2.865698221790985
data4,100,83,1.7834383941116638,20.81546026907994,2.7343844427633703
data4,100,84,1.870194729785789,21.10372284704387,2.785427606279366
data4,100,85,1.954539238380494,21.7225275512424,2.9954745972277825
data4,100,86,2.132264144219942,25.215601235573544,2.8607231938216016
data4,100,87,1.9967663265952547,23.87788846961857,2.849544457756626
data4,100,88,2.2632019793579325,27.46659732647072,3.071568909010255
data4,100,89,2.1279456864717567,23.639925115557205,2.9504813384684776
data4,100,90,1.9298378096792723,22.48872906126604,2.675522623257844
data4,100,91,1.9500150104442857,22.070060563431003,2.8188233639898437
data4,100,92,2.046463718701761,23.876426597840492,2.846051552508088
data4,100,93,2.088154790809534,24.04034819894425,2.886982560443067
data4,100,94,2.0362323884598714,23.21350053575186,2.9170246324058025
data4,100,95,1.8648025891598963,20.936458710377774,2.9891241598655887
data4,100,96,2.132074997230625,24.646361519026357,2.8493546449351057
data4,100,97,2.099216500363441,25.306898804070656,2.934740137322035
data4,100,98,2.0989934987073755,22.888775444051447,2.8590272575877616
data4,100,99,2.121036123710007,25.357397847674097,3.0512873607007482
data4,100,100,1.9574274700681675,21.22270401724424,2.780415050847336
data4,1000,1,2.0750375254977365,24.66256370545975,2.9000534868960517
data4,1000,2,2.0209670470391883,22.73815149348483,2.8702442068327993
data4,1000,3,2.0976663269318334,24.56309841440634,2.927527685459252
data4,1000,4,2.017687592088177,21.387352196795597,2.9977274045669704
data4,1000,5,2.05336534947011,23.7857403949388,2.82514664481619
data4,1000,6,1.91044931917497,20.201431933373676,2.9475766003973383
data4,1000,7,1.9860175136406224,22.224482305031813,2.9241413938383416
data4,1000,8,2.1508211234830568,25.12575579360576,2.9642092114736336
data4,1000,9,1.9086665901870725,21.580561945576086,2.832439344795788
data4,1000,10,2.0313651348105277,23.991122052597724,2.8249700241657796
data4,1000,11,1.9702816051773768,22.037575263807977,2.8102817524641948
data4,1000,12,2.095076772464776,24.664075276127882,2.807461335439095
data4,1000,13,2.0073461053457797,22.824467471305624,2.937748696467892
data4,1000,14,2.1828880801510264,25.583548940949015,2.981603001382264
data4,1000,15,2.046982829891734,24.5545384957448,2.859159725590865
data4,1000,16,2.094691498480413,23.98357577224448,2.989457423514258
data4,1000,17,2.0001979069457088,22.45113868600192,2.9971544332374807
data4,1000,18,2.0226989288483335,23.742601324862154,2.9541059795281273
data4,1000,19,2.0969378852272387,24.219878461910206,3.012889830533313
data4,1000,20,2.0348367438855828,24.2265650281273,2.9797573714830707
data4,1000,21,1.9769262177178004,21.918543038243016,2.9035590117755627
data4,1000,22,2.0709513558906174,24.908785191360145,2.8570073261026168
data4,1000,23,2.031192503181697,22.98553688764464,2.9065735276509157
data4,1000,24,1.9480709207026736,21.778640833579978,2.9761458733820443
data4,1000,25,1.916973706455025,21.55276093387439,2.909494630258937
data4,1000,26,2.2622110936710134,26.52306462667961,3.0246894439032146
data4,1000,27,1.9934061630260471,22.70465410048009,2.875156218767892
data4,1000,28,1.9886155500515048,23.32263924484416,2.927801409598155
data4,1000,29,2.106818025295572,24.154811962664333,2.980410970037178
data4,1000,30,2.12089885247686,24.289955863351413,3.01227674313678
data4,1000,31,2.1504646379936165,24.777647393378142,3.1095050848651185
data4,1000,32,2.035765247937488,23.790452447736257,2.8572616400694155
data4,1000,33,2.0629784969841074,24.450437900204644,2.911798625620339
data4,1000,34,2.0096838003777875,23.2245995933924,2.8744530716905046
data4,1000,35,2.084883326589491,24.843294687519837,2.9839191803652545
data4,1000,36,2.293992568118331,27.40701933787917,3.0335997961708285
data4,1000,37,2.082323580304705,23.74359904884593,3.0217344088526614
data4,1000,38,2.061906740715037,23.189662709496318,3.005130808757732
data4,1000,39,1.990398625161807,23.20352316422735,2.810827532889172
data4,1000,40,2.0653726754976787,24.192776159773068,2.895413386147343
data4,1000,41,2.137617157429966,23.300410088273967,3.051943507709359
data4,1000,42,2.0406746125610673,24.702231420476366,2.778996596500308
data4,1000,43,1.92238848088582,21.17258595666555,2.982079629303069
data4,1000,44,2.0768996773832695,23.476140656155952,2.9599146361152937
data4,1000,45,2.1720938993331007,25.704880771546357,2.9854639815256774
data4,1000,46,1.9990502719655852,22.18709053717327,2.8780033824962494
data4,1000,47,1.9269963772644594,22.01910723619232,2.768575834848008
data4,1000,48,2.156485999964307,25.22661159995939,2.947800690852857
data4,1000,49,1.937668479504874,22.73628016806795,2.839497324698606
data4,1000,50,2.0232921128120513,24.38420778179691,2.8216841971630187
data4,1000,51,2.183840031856697,26.536609116197184,2.9840749356540757
data4,1000,52,2.2045494647359,26.32830119987095,2.959135891095987
data4,1000,53,2.0610105096392908,23.351562275941234,2.9827416563302664
data4,1000,54,2.14425764636579,23.977271978074384,2.9687503022593864
data4,1000,55,2.040869180414944,23.46760904791863,2.8827575551567737
data4,1000,56,2.149848049015699,25.657674792329075,2.9642032290014964
data4,1000,57,2.038097456774876,23.802049794741627,2.8374827065275396
data4,1000,58,2.111513565721294,24.95468043178972,2.826600349377949
data4,1000,59,2.0559739193576627,23.442235223871037,2.9456881946428144
data4,1000,60,2.074987440029187,24.415688902681808,2.838032042214103
data4,1000,61,1.9578356764478573,22.047440734406386,2.9569789891882543
data4,1000,62,2.038648203785285,23.965917212291608,2.9145529280055285
data4,1000,63,1.9637000708495123,21.747277562785836,2.9662440938643133
data4,1000,64,2.1450076405308325,24.894446282720402,3.0125125288871812
data4,1000,65,2.0483813825334187,22.697255115339438,2.9567568265730193
data4,1000,66,1.9344319204488951,21.064849677760932,2.970164799287817
data4,1000,67,2.0758082344945787,23.81838085706987,2.960456643824873
data4,1000,68,2.064985614732761,24.254163679229332,2.9097540066301497
data4,1000,69,1.931572130214198,21.260026122194994,2.8824762066252556
data4,1000,70,2.0887601620102583,24.129567315129442,2.911657694090236
data4,1000,71,2.112176732854901,25.29018631027119,2.8038613039018783
data4,1000,72,2.022084372047372,23.19579667956998,2.8678419405785998
data4,1000,73,1.9324909907348233,22.015819013286176,2.8521156193019137
data4,1000,74,2.103912161681428,25.207378195917247,2.899389202517375
data4,1000,75,2.1499007467513205,25.38856866053735,2.8961197542680965
data4,1000,76,2.0847068522624728,24.518036998165776,2.896222079942276
data4,1000,77,1.9729300095233953,21.572964218110464,2.8852204209539583
data4,1000,78,2.1309008110065766,24.556135822443146,3.0982352923751857
data4,1000,79,1.997117583346185,22.27136929647573,2.9330622084526197
data4,1000,80,2.1591845627553687,26.091546990788384,2.9152415645598833
data4,1000,81,1.963719498146232,22.131352806573965,2.90096324462232
data4,1000,82,2.0878432239328113,24.225607109985056,2.97468770681974
data4,1000,83,1.9605862266749439,22.46534454612569,2.798607045425282
data4,1000,84,2.0074009726218702,23.032367087143992,2.923994952393505
data4,1000,85,2.0809120997145456,24.772797736220042,2.937655258956571
data4,1000,86,2.1621490444546394,25.74510941730207,3.0419783233634883
data4,1000,87,2.1250028620891044,25.66893743621294,2.9679144350379953
data4,1000,88,1.9980258703792348,22.97580205217958,2.8526732818525717
data4,1000,89,2.0839387682675405,23.288641918670802,3.015519761555599
data4,1000,90,2.106536054237965,24.136134064812772,2.9402058887860436
data4,1000,91,1.892500792589666,21.992994253276542,2.8410489469034665
data4,1000,92,2.0743450163912773,24.460089742749783,2.8211825305949487
data4,1000,93,2.082399660675531,23.67541002322023,3.02201677508321
data4,1000,94,2.027647500094597,22.754573009227222,2.881643300713153
data4,1000,95,1.9835283816104161,22.679714982387267,2.9171576269900608
data4,1000,96,2.0784286882021696,23.18736397199779,2.992885361828886
data4,1000,97,2.0827923829595836,23.66257119530013,2.9941510102315534
data4,1000,98,2.0387750556944333,23.917061631684426,2.803296776759306
data4,1000,99,2.2635407862711867,25.270712320841547,3.1864948717322004
data4,1000,100,2.2039803737417243,25.847861985014305,3.0662022941213536
