Data_Type,Sample_Size,Iteration,MAPE,RMSE,Causal_Effect,Method
data1,50,1,91.73313915196076,7.559427962446916,0.57109016,CFNN
data1,50,2,78.21010669302756,5.732517538520948,0.9708905,CFNN
data1,50,3,102.02323287889948,7.953526142108046,0.2177126,CFNN
data1,50,4,72.82684490220308,7.382049649990835,0.50061494,CFNN
data1,50,5,96.53899564851851,7.121534059507754,0.6919067,CFNN
data1,50,6,88.96365654845386,5.727500950377387,0.8361897,CFNN
data1,50,7,106.08425172238489,6.08735166626791,0.65462977,CFNN
data1,50,8,71.05349292250838,5.892554866058734,0.4891618,CFNN
data1,50,9,76.92150937648485,6.8616615972347335,0.45116913,CFNN
data1,50,10,89.11965123122211,6.039921408660881,0.3645641,CFNN
data1,50,11,178.71837902068737,4.784089165412639,0.77944875,CFNN
data1,50,12,73.77996471459623,5.285329705163495,0.79368025,CFNN
data1,50,13,76.51990284702981,5.745687872695054,0.63649035,CFNN
data1,50,14,85.3510760556277,5.073470819839473,0.774961,CFNN
data1,50,15,65.59529699694114,4.407468797470526,0.71817243,CFNN
data1,50,16,71.8681312241343,5.712595150440835,0.68431896,CFNN
data1,50,17,69.80670278015864,6.16126040075024,0.5478701,CFNN
data1,50,18,64.14884443627149,5.964367668050247,0.74176085,CFNN
data1,50,19,66.57539443503785,5.906330473924693,0.4677467,CFNN
data1,50,20,102.44947197765826,5.278840999527496,0.69530565,CFNN
data1,50,21,75.82927440998704,5.685040128969007,0.8424214,CFNN
data1,50,22,98.86822152362143,8.362495778258515,0.41569257,CFNN
data1,50,23,2308.761262994108,4.6622626081499465,0.9241487,CFNN
data1,50,24,76.91211357476296,5.091410475351827,0.7250254,CFNN
data1,50,25,194.3560405543175,6.664391509235201,0.91032755,CFNN
data1,50,26,114.05467931511171,6.619402040478926,0.6454996,CFNN
data1,50,27,1222.005740429721,6.532577808499752,0.44987553,CFNN
data1,50,28,62.30504883879496,5.323092918998782,0.9902281,CFNN
data1,50,29,61.91873085062778,5.718429007985499,0.79506123,CFNN
data1,50,30,88.57563556197616,6.11039211443314,0.5542071,CFNN
data1,50,31,249.01848829346602,6.34965148406788,0.7210937,CFNN
data1,50,32,66.43617347885558,6.442010247593852,0.62531614,CFNN
data1,50,33,63.38909487639148,6.284342114963163,0.579269,CFNN
data1,50,34,93.64989035044152,6.4136281446325505,0.53515965,CFNN
data1,50,35,91.10158822039091,7.56052531020774,0.6113882,CFNN
data1,50,36,82.61923173903213,6.635997804936544,0.4564337,CFNN
data1,50,37,72.49297462740103,6.802155397351114,0.8330036,CFNN
data1,50,38,79.52415577745961,7.785824126163026,0.34870863,CFNN
data1,50,39,61.21180083404793,6.414963392537807,0.5875292,CFNN
data1,50,40,74.78273322924446,7.375707607728131,0.633199,CFNN
data1,50,41,174.12299615546067,6.226684792786685,0.71286905,CFNN
data1,50,42,75.41087338721134,7.517485646522466,0.579622,CFNN
data1,50,43,56.511635783959576,5.3610686769810405,0.90651464,CFNN
data1,50,44,78.56010691076096,7.010178695052242,0.66920567,CFNN
data1,50,45,86.66665137115616,6.561368121498136,0.57964367,CFNN
data1,50,46,94.59383705334798,6.690801967150246,0.34214061,CFNN
data1,50,47,169.28191374627255,7.777598021840982,0.45031366,CFNN
data1,50,48,79.0965496411856,7.020839005614278,0.6255161,CFNN
data1,50,49,73.70368799799995,5.756435374039579,0.67870873,CFNN
data1,50,50,72.0561279690303,5.858866128874838,0.6828202,CFNN
data1,50,51,72.57958868491691,6.123903222276441,0.87563694,CFNN
data1,50,52,98.67400239014242,5.728206767974018,0.8018413,CFNN
data1,50,53,63.8658620822699,4.351292332053714,1.2686216,CFNN
data1,50,54,73.72317722671265,5.706606463148473,0.6186461,CFNN
data1,50,55,77.07589842451564,6.106538707810319,0.7511286,CFNN
data1,50,56,66.27753708082213,5.953694323372748,0.5653258,CFNN
data1,50,57,72.85048527671137,6.416032892429581,0.72022206,CFNN
data1,50,58,82.10605296555075,6.809002894833245,0.44352663,CFNN
data1,50,59,106.40086333779111,7.54819481078769,0.6900984,CFNN
data1,50,60,79.07124100381004,6.402235965444586,0.58471423,CFNN
data1,50,61,74.19948206620984,6.521318487195814,0.72461987,CFNN
data1,50,62,112.59257481486063,7.335300992098205,0.48934466,CFNN
data1,50,63,64.13660890013689,5.5092968331173955,0.8162871,CFNN
data1,50,64,118.97260624232511,6.559209662995276,0.53268385,CFNN
data1,50,65,71.42263442364916,6.353467670620307,0.836773,CFNN
data1,50,66,119.33191486277519,6.426114877933229,0.62145853,CFNN
data1,50,67,66.17010094786232,6.366683996985268,0.49830672,CFNN
data1,50,68,66.47158078374248,6.282343350581912,0.65695184,CFNN
data1,50,69,63.99187733176227,5.921853114204088,0.7893568,CFNN
data1,50,70,62.080131210130986,5.912563326446347,0.6229132,CFNN
data1,50,71,81.31775085590664,5.025287130902915,0.71763325,CFNN
data1,50,72,76.54896304500363,5.492035740161449,0.88536733,CFNN
data1,50,73,339.0972516626552,5.994401323191295,0.7095052,CFNN
data1,50,74,65.94718230056313,6.6211875811975105,0.6077909,CFNN
data1,50,75,76.50228520408501,5.053605269767733,0.7317026,CFNN
data1,50,76,59.73271844000732,5.568105324060043,0.7617001,CFNN
data1,50,77,108.32384664837149,4.946748304470682,0.8505555,CFNN
data1,50,78,81.8818014261857,6.631674027759355,0.6571852,CFNN
data1,50,79,69.97847565773779,6.500712857541062,0.71700156,CFNN
data1,50,80,96.51697946878592,6.168617634768484,0.54094565,CFNN
data1,50,81,99.1075394131727,7.340830287854601,0.50197625,CFNN
data1,50,82,123.82816239104524,4.673048910267418,0.6402866,CFNN
data1,50,83,65.1948025090262,5.7794058908924315,0.8751033,CFNN
data1,50,84,61.2524133610616,6.37581637845413,0.83185154,CFNN
data1,50,85,61.973299391189904,5.9334391610301385,0.808486,CFNN
data1,50,86,102.93972371486153,5.464650536929328,0.77444524,CFNN
data1,50,87,78.60247227656603,6.587263849969092,0.45267865,CFNN
data1,50,88,82.98265943293342,6.107742400417689,0.77868,CFNN
data1,50,89,210.86417374225402,7.626934092297762,0.31480572,CFNN
data1,50,90,87.47914588848434,6.132173589500686,0.7493258,CFNN
data1,50,91,72.30802980962397,6.238546580107301,0.60992026,CFNN
data1,50,92,75.77299527108258,6.139627494908373,0.73296326,CFNN
data1,50,93,107.7463258326303,5.088469624706735,0.6377702,CFNN
data1,50,94,58.008538346512914,5.4958721948750195,0.63206154,CFNN
data1,50,95,82.56518711412154,5.593037218754386,0.90725034,CFNN
data1,50,96,88.64231243074427,6.966470895854163,0.5725857,CFNN
data1,50,97,87.04517810098154,7.13130750320808,0.610945,CFNN
data1,50,98,71.1228908548213,7.216574680605036,0.5205606,CFNN
data1,50,99,89.70831369126337,6.8947236031326256,0.556718,CFNN
data1,50,100,101.64375231910697,7.047503578658319,0.47976428,CFNN
data1,100,1,66.49927036035268,5.674378287445486,0.7341813,CFNN
data1,100,2,130.11009856080332,4.123654951225094,1.1076667,CFNN
data1,100,3,81.38316750467973,5.663308625329903,0.5726688,CFNN
data1,100,4,79.53215290731784,5.5123154209956615,0.74585646,CFNN
data1,100,5,67.95680632847753,5.942786945832984,0.86353016,CFNN
data1,100,6,75.84505720658854,5.89024447470001,0.48430938,CFNN
data1,100,7,73.39689869041639,6.290008500225329,0.61876875,CFNN
data1,100,8,111.08265825394187,5.097009219646021,1.1610382,CFNN
data1,100,9,124.25923055016233,7.488256804338231,0.54975396,CFNN
data1,100,10,84.80975509903081,5.256034912728509,0.9646967,CFNN
data1,100,11,75.14858449297333,4.272527544751509,0.74813354,CFNN
data1,100,12,63.95942202507574,5.253760292640755,0.88040596,CFNN
data1,100,13,100.9989530502895,6.245699617714495,0.79418784,CFNN
data1,100,14,78.87523729911045,4.707444496866066,0.9992091,CFNN
data1,100,15,76.05550249400838,6.016842506140494,0.82554823,CFNN
data1,100,16,53.9883778845808,3.8109588269297046,1.0083642,CFNN
data1,100,17,96.0430917828049,6.570604611297841,0.68219984,CFNN
data1,100,18,84.56976807415988,4.966783491582956,0.7359751,CFNN
data1,100,19,55.93825815572784,4.443295557681642,0.67886215,CFNN
data1,100,20,56.58453106231441,5.155081771066028,0.7359202,CFNN
data1,100,21,117.31023650758539,6.250694349125374,0.6341786,CFNN
data1,100,22,46.79755049412485,4.341224505693426,0.947723,CFNN
data1,100,23,104.92364226814699,6.60115467181236,0.5510807,CFNN
data1,100,24,53.07227474498468,4.73117460784195,1.0022503,CFNN
data1,100,25,111.06115291719412,3.9193204843611547,0.9040737,CFNN
data1,100,26,58.423896587031464,5.269497861706928,0.8661364,CFNN
data1,100,27,64.42471300505036,5.599371471965672,0.5562822,CFNN
data1,100,28,114.96456626808838,4.8036760240629865,0.8763972,CFNN
data1,100,29,112.14927283289131,6.323643747245984,0.7273035,CFNN
data1,100,30,46.980450775234665,4.260264279641881,0.9194175,CFNN
data1,100,31,56.63634270424498,4.303773195692191,0.69801563,CFNN
data1,100,32,91.36792756494717,6.271742204173214,0.5544929,CFNN
data1,100,33,88.60890065745406,4.192916712636919,1.2853539,CFNN
data1,100,34,142.74474693920047,5.183466968834719,0.8935451,CFNN
data1,100,35,51.582145202174246,4.780250344030116,1.0756035,CFNN
data1,100,36,110.98652169973835,5.549033179498006,0.8445253,CFNN
data1,100,37,83.04590268413506,6.335421638789881,0.48575288,CFNN
data1,100,38,73.27690493935793,4.702879196375511,0.9533274,CFNN
data1,100,39,149.84162042167446,5.3130695198476845,1.0086101,CFNN
data1,100,40,55.75765333937303,4.381768783107652,0.9560325,CFNN
data1,100,41,146.6555035482526,6.876146969210771,0.4271316,CFNN
data1,100,42,71.53592140308088,6.4252030875213055,0.47169793,CFNN
data1,100,43,80.5944511184629,4.067632062079269,0.8983322,CFNN
data1,100,44,84.48094944209548,5.411109304830427,0.7739718,CFNN
data1,100,45,68.18720532648963,5.153213649021054,0.2789048,CFNN
data1,100,46,76.48376697352842,6.168131211858644,0.8333251,CFNN
data1,100,47,70.43339507327985,5.727573739769985,0.67703503,CFNN
data1,100,48,86.45713826966464,5.644892833085632,0.8374703,CFNN
data1,100,49,64.72849568631507,5.227405897461265,1.0280678,CFNN
data1,100,50,125.58462883674346,5.205746567006871,0.68889487,CFNN
data1,100,51,106.77107773239139,5.789655407982858,0.71081346,CFNN
data1,100,52,62.766597564227744,4.508929087206373,0.879549,CFNN
data1,100,53,78.34638094901256,5.538849170571879,0.91150314,CFNN
data1,100,54,56.792320853504954,5.50404663999829,0.9054473,CFNN
data1,100,55,68.15186149777892,5.895941041502211,0.71134615,CFNN
data1,100,56,79.4842771344138,6.729367539585275,0.68140554,CFNN
data1,100,57,75.06374656084279,4.143425860489658,1.1071943,CFNN
data1,100,58,58.0088793225667,4.524014119295537,0.9732865,CFNN
data1,100,59,57.587898305366004,5.368879623336917,0.6839178,CFNN
data1,100,60,79.45429408796714,6.403631473082395,0.45347223,CFNN
data1,100,61,78.45024226843229,6.428404863449937,0.49072975,CFNN
data1,100,62,69.18650752495668,4.896888902854995,0.8794011,CFNN
data1,100,63,67.01038622130142,4.209595578721668,0.8635695,CFNN
data1,100,64,202.07542049275952,5.877388611243307,0.3567304,CFNN
data1,100,65,83.42536434360322,5.792713493023831,0.7165795,CFNN
data1,100,66,97.49671395302157,6.530849296905144,0.70422024,CFNN
data1,100,67,69.08217461214197,6.293491978190365,0.7755033,CFNN
data1,100,68,91.76435612618047,4.795817854321186,0.8016765,CFNN
data1,100,69,66.23615902907677,5.351049034968016,0.47372875,CFNN
data1,100,70,75.71291623898796,4.256709710411073,1.0007068,CFNN
data1,100,71,91.36903145125216,7.324232999142483,0.33613265,CFNN
data1,100,72,102.00934567929787,4.096268549320746,0.9534978,CFNN
data1,100,73,108.33036262607874,6.359671037776806,0.7875454,CFNN
data1,100,74,80.13591253278621,6.844209349408239,0.53245246,CFNN
data1,100,75,84.75895593993133,5.168337991324982,0.78536,CFNN
data1,100,76,103.22789988051035,6.484246250425539,0.84662306,CFNN
data1,100,77,119.43186635005043,6.159336769180803,0.78046286,CFNN
data1,100,78,159.9406498585105,5.487677347339649,0.8258794,CFNN
data1,100,79,69.01393767335944,5.175992028335863,1.0978916,CFNN
data1,100,80,117.28378523168574,6.564416599054056,0.48421615,CFNN
data1,100,81,73.61262622480251,5.907957945877881,0.7860248,CFNN
data1,100,82,140.80119433538917,6.341648344748215,0.5245849,CFNN
data1,100,83,79.05608122287447,5.315689225524544,0.49104756,CFNN
data1,100,84,91.1648997686597,6.571966337865699,0.47876826,CFNN
data1,100,85,48.33289995048561,3.5071621745502464,1.0297824,CFNN
data1,100,86,81.77299926923185,6.097855674587584,0.54633594,CFNN
data1,100,87,74.75310024720136,4.405734651523244,0.636109,CFNN
data1,100,88,91.47856754198352,6.446628017940439,0.70826405,CFNN
data1,100,89,132.46860360595926,6.246710592536874,0.6055431,CFNN
data1,100,90,71.64826599180401,5.28151711876917,0.6118919,CFNN
data1,100,91,112.48326192055067,5.220720852793546,0.61148703,CFNN
data1,100,92,68.2387691158968,5.507885609990654,0.7407738,CFNN
data1,100,93,101.23708601716888,6.27216066040795,0.39906904,CFNN
data1,100,94,158.5963946282645,4.553595587350957,0.8933286,CFNN
data1,100,95,99.36101984392052,5.897223942436514,0.5336644,CFNN
data1,100,96,100.97605560261556,4.630388179163268,0.9760282,CFNN
data1,100,97,70.34605548703841,6.039186996849007,0.8045448,CFNN
data1,100,98,83.96477561944374,6.560305409392441,0.6488104,CFNN
data1,100,99,81.96880792917364,5.852101171146846,0.58238024,CFNN
data1,100,100,293.4412920656009,5.973394720424233,0.6819149,CFNN
data1,1000,1,41.96387746411164,1.1873230585604215,1.9602922,CFNN
data1,1000,2,36.595994099871824,1.5553747450776338,1.6359947,CFNN
data1,1000,3,51.257454888123114,1.5691427922036278,1.5299942,CFNN
data1,1000,4,31.64528958461654,1.302377470870332,1.7066526,CFNN
data1,1000,5,303.2577745605352,1.1639504746579736,1.9730186,CFNN
data1,1000,6,31.578825501382163,1.2534593265294063,1.6759776,CFNN
data1,1000,7,43.187580253188294,1.3826873673456674,1.7402147,CFNN
data1,1000,8,73.73161787545816,1.4965951038098708,2.0757053,CFNN
data1,1000,9,91.65793117315624,1.2994269273474641,1.8265254,CFNN
data1,1000,10,66.10354164322341,1.374681461653045,1.821581,CFNN
data1,1000,11,53.29841352269511,1.1934097359975764,1.8156285,CFNN
data1,1000,12,143.53229207786148,1.1457454263393654,2.1718433,CFNN
data1,1000,13,60.73103891180408,1.3598829445775356,1.7844392,CFNN
data1,1000,14,43.672267956507255,1.1543435964798918,1.9791523,CFNN
data1,1000,15,25.764791431804255,1.1805317957354464,1.8121489,CFNN
data1,1000,16,56.297909841128124,1.157263497149473,2.1311293,CFNN
data1,1000,17,82.99105434218231,1.465160112344522,1.6200043,CFNN
data1,1000,18,63.27774128521578,1.5058677923131292,1.8385454,CFNN
data1,1000,19,45.04269460887003,1.2881125493983825,2.3216944,CFNN
data1,1000,20,44.060838592024204,1.2940403228897746,2.1495185,CFNN
data1,1000,21,33.55892316031871,1.1907559512802195,2.0398643,CFNN
data1,1000,22,33.06438373717473,1.349694862572233,1.8084947,CFNN
data1,1000,23,38.359592089031594,1.2096138502677445,1.9987981,CFNN
data1,1000,24,48.54246072788692,1.3958724722049178,1.8657115,CFNN
data1,1000,25,44.98947903439623,1.3686360697823439,1.6552584,CFNN
data1,1000,26,66.35970318614405,1.249616048406645,1.8200203,CFNN
data1,1000,27,37.13771319045915,1.3974602454500031,1.9548358,CFNN
data1,1000,28,79.99559668986221,1.5075241309130285,1.8018886,CFNN
data1,1000,29,58.051085095052024,1.470063556526124,1.9376514,CFNN
data1,1000,30,209.67792013134417,1.2400645315858743,2.2884939,CFNN
data1,1000,31,32.15920461996641,1.4867231671054872,2.1337566,CFNN
data1,1000,32,510.46729460288924,1.3854803498341557,1.7487099,CFNN
data1,1000,33,65.88755824501175,1.2681655169861341,1.9237098,CFNN
data1,1000,34,45.83998935907821,1.3647220983137738,1.7469487,CFNN
data1,1000,35,28.284971850720563,1.3168377305678522,1.9483174,CFNN
data1,1000,36,36.93032494120744,1.1685758100624237,2.0016074,CFNN
data1,1000,37,36.47972771296536,1.207885755621659,2.3984292,CFNN
data1,1000,38,75.80650256206579,1.1865952095821437,2.0160983,CFNN
data1,1000,39,29.07462597988068,1.250701945857093,2.121873,CFNN
data1,1000,40,40.368581282582625,1.4211936667927507,1.7413346,CFNN
data1,1000,41,42.33816106189511,1.171307076330106,1.9553545,CFNN
data1,1000,42,40.29048695081988,1.3537659183300523,1.7217139,CFNN
data1,1000,43,34.62876513416017,1.2185425835916792,1.8747351,CFNN
data1,1000,44,41.92821291441773,1.2157178861126525,1.8784128,CFNN
data1,1000,45,31.75537401801903,1.2559925274440722,1.8565668,CFNN
data1,1000,46,189.3383437119747,1.1310198593323955,2.4543538,CFNN
data1,1000,47,48.681238582049794,1.6631093422842307,1.7000225,CFNN
data1,1000,48,38.86206630154192,1.3894753235080701,2.0171738,CFNN
data1,1000,49,41.93121262899742,1.614589029187508,1.7562916,CFNN
data1,1000,50,40.02039132174435,1.1357985758546019,1.9448782,CFNN
data1,1000,51,39.77004421092072,1.5173160983509497,1.2686018,CFNN
data1,1000,52,131.4340260871937,1.2315754125338212,1.7898003,CFNN
data1,1000,53,130.1622992088662,1.411840146160607,1.8601766,CFNN
data1,1000,54,79.30239635196949,1.3246940531542937,2.1163502,CFNN
data1,1000,55,1105.7288969691347,1.2897902657095202,1.848683,CFNN
data1,1000,56,38.357300785996934,1.3546858994411504,2.0626822,CFNN
data1,1000,57,50.30666091534464,1.388974825779536,1.663866,CFNN
data1,1000,58,28.198489097840497,1.3406258494323584,1.5911865,CFNN
data1,1000,59,32.38583485169422,1.0412141914749784,2.438857,CFNN
data1,1000,60,42.30154689064262,1.7085847089256276,1.703455,CFNN
data1,1000,61,35.85372512353879,1.1338416378274734,1.9317797,CFNN
data1,1000,62,38.56535551215967,1.3697162552908686,1.8031048,CFNN
data1,1000,63,30.78991651071202,1.5270351701897638,1.8174121,CFNN
data1,1000,64,32.33925456916654,1.0923190050997296,2.0014842,CFNN
data1,1000,65,30.87066637901772,1.4122388509153765,1.761372,CFNN
data1,1000,66,40.8665554707057,1.1648884254486656,2.259087,CFNN
data1,1000,67,55.652005372403856,1.3970395324698233,1.5230457,CFNN
data1,1000,68,40.75188061248326,1.5562461999655106,2.364393,CFNN
data1,1000,69,35.815322389211126,1.3487528236613935,1.8817953,CFNN
data1,1000,70,138.15926329929724,1.2174864782105468,1.866147,CFNN
data1,1000,71,69.64494864709789,1.1207224340773043,1.9428525,CFNN
data1,1000,72,74.10361397888742,1.2270778876774722,2.2778149,CFNN
data1,1000,73,86.29610051276056,1.2097424533155765,2.1502123,CFNN
data1,1000,74,43.20842057313506,1.4757540414308474,1.4313571,CFNN
data1,1000,75,30.090856034068302,1.1278713068900006,2.0118635,CFNN
data1,1000,76,66.70324798898976,1.3190830166676224,1.4320662,CFNN
data1,1000,77,152.47940284890598,1.133782833885869,1.8284587,CFNN
data1,1000,78,52.84887788000185,1.4515970122179276,1.7377324,CFNN
data1,1000,79,39.50831615739728,1.3152111856730808,2.1957989,CFNN
data1,1000,80,36.24374251456246,1.7801843947506384,1.4415811,CFNN
data1,1000,81,39.27090296641554,1.263624911930596,2.0657377,CFNN
data1,1000,82,53.1934938617569,1.2701107237017135,2.0480897,CFNN
data1,1000,83,71.34672782771972,1.3190567702415865,2.109414,CFNN
data1,1000,84,126.74952006960416,1.0972120032914738,1.9913498,CFNN
data1,1000,85,36.39711093400961,1.5096679407449658,1.7846651,CFNN
data1,1000,86,40.87927307462864,1.0913100242072211,1.9913934,CFNN
data1,1000,87,53.45897835259229,1.4608057861686534,1.7464863,CFNN
data1,1000,88,42.891524089785776,1.6615219715238074,1.753304,CFNN
data1,1000,89,35.33086352742153,1.5901673890891765,1.6990997,CFNN
data1,1000,90,30.010465952580915,1.5140251233424864,1.7734797,CFNN
data1,1000,91,41.46027912789398,1.1498529737600085,1.8453217,CFNN
data1,1000,92,42.5024618706127,1.1280810242829447,1.906121,CFNN
data1,1000,93,29.018563007765074,1.0612082186712968,1.8052195,CFNN
data1,1000,94,40.78281589733702,1.5241558845818162,1.8926616,CFNN
data1,1000,95,129.24913212256385,1.0961162059431309,2.125919,CFNN
data1,1000,96,34.46696108053543,1.1688282311257587,1.743333,CFNN
data1,1000,97,41.324149119914786,1.5907886953757024,1.8640003,CFNN
data1,1000,98,37.32739823582244,1.1836323554841472,1.7983532,CFNN
data1,1000,99,206.53811820793499,1.2653886687098532,1.9704844,CFNN
data1,1000,100,131.66480415462962,1.2675466572207699,2.070574,CFNN
data2,50,1,122.52316187729544,4.171557516620229,0.54401845,CFNN
data2,50,2,87.75378831417741,4.246582964154718,0.713584,CFNN
data2,50,3,87.72093227428739,4.100197776991341,0.61342466,CFNN
data2,50,4,83.87831545713176,4.328317314567453,0.6442326,CFNN
data2,50,5,138.88608461899165,4.142184772263957,0.73511803,CFNN
data2,50,6,543.9198408416121,3.630789705275251,0.9500002,CFNN
data2,50,7,97.91665402479956,4.151890812432655,0.62545556,CFNN
data2,50,8,124.29221794968205,4.287435806835537,0.58590966,CFNN
data2,50,9,95.97083624043428,3.9919201004967806,0.80579764,CFNN
data2,50,10,85.36871387492441,4.021792199403782,0.81823826,CFNN
data2,50,11,107.06404924831227,4.369364712420885,0.5877631,CFNN
data2,50,12,86.86994904376667,4.1729710940628,0.71740794,CFNN
data2,50,13,111.30727380817518,4.403420410640638,0.51791346,CFNN
data2,50,14,288.6877590845609,4.030111084563709,0.78926903,CFNN
data2,50,15,85.78522576898366,4.309892629817882,0.6076838,CFNN
data2,50,16,90.29071911186632,3.9992612591490473,0.9016153,CFNN
data2,50,17,102.2829941689643,3.9406257486844742,0.8424192,CFNN
data2,50,18,91.83315581127958,4.3164879128156155,0.7018717,CFNN
data2,50,19,83.67284087109927,3.7125336189731817,0.88516295,CFNN
data2,50,20,97.84786740885481,3.9763429575094893,0.7419866,CFNN
data2,50,21,122.99904818136798,4.154365855262472,0.61124915,CFNN
data2,50,22,86.05275964103922,4.328733514233402,0.68964726,CFNN
data2,50,23,90.81943994029567,4.563207656115024,0.49546874,CFNN
data2,50,24,121.6052520570888,4.149528831518837,0.6965951,CFNN
data2,50,25,81.94793586251754,4.154170729122634,0.64672095,CFNN
data2,50,26,86.73463109628284,4.3063436203767615,0.6632116,CFNN
data2,50,27,2585.94044121655,3.879645759417122,0.90311795,CFNN
data2,50,28,92.74261769183038,4.3027329419493725,0.6947465,CFNN
data2,50,29,86.65616117791171,4.236004741118065,0.5901781,CFNN
data2,50,30,82.98292969689594,4.440761234846472,0.5908997,CFNN
data2,50,31,85.56747277547879,4.274560243332066,0.5874413,CFNN
data2,50,32,81.09326302457478,4.170083105476354,0.69597095,CFNN
data2,50,33,88.4428991011096,4.047497806755372,0.647168,CFNN
data2,50,34,88.39000292686421,4.349483227597589,0.55095166,CFNN
data2,50,35,94.53069086113321,3.905137621996767,0.82836646,CFNN
data2,50,36,88.66730804918205,4.3496167901504394,0.6164878,CFNN
data2,50,37,125.30026149965306,4.181274477370695,0.7558445,CFNN
data2,50,38,93.99405940877887,4.061563869740522,0.8271503,CFNN
data2,50,39,81.31746634766226,4.146359190032013,0.78819984,CFNN
data2,50,40,90.20816889065394,4.115134643824206,0.7582735,CFNN
data2,50,41,82.40621720222286,3.908800515379671,0.8231853,CFNN
data2,50,42,79.32575651855743,3.898581711498722,0.92131007,CFNN
data2,50,43,86.41062249727929,3.967748509897579,0.75580174,CFNN
data2,50,44,104.2272050941574,4.087541245362278,0.7393562,CFNN
data2,50,45,107.15363597566562,4.14677265967437,0.7201088,CFNN
data2,50,46,86.32947994188098,4.137087990054058,0.67349344,CFNN
data2,50,47,144.75807936100787,4.235733246315545,0.77761364,CFNN
data2,50,48,97.7133722225953,3.8312537005551777,0.8738644,CFNN
data2,50,49,81.11923377896008,3.844533953195569,0.8862134,CFNN
data2,50,50,86.8935521815532,4.031240816885678,0.76937866,CFNN
data2,50,51,105.19771006423784,4.1757213827363495,0.5723692,CFNN
data2,50,52,83.02182044042836,4.218653933780413,0.5962622,CFNN
data2,50,53,88.72729857000678,4.275513833400282,0.6631636,CFNN
data2,50,54,93.87328009613596,4.156325736525723,0.71387666,CFNN
data2,50,55,86.57628094670046,4.416555010962518,0.62665474,CFNN
data2,50,56,86.210475573813,3.9418455128256333,0.75903136,CFNN
data2,50,57,125.68148510117902,4.676863228544482,0.42930377,CFNN
data2,50,58,97.64894192870203,4.179111369343542,0.57764906,CFNN
data2,50,59,94.79286862940073,4.344281934615652,0.5194857,CFNN
data2,50,60,179.36783675654743,4.134773021204881,0.71701795,CFNN
data2,50,61,77.23863238393464,3.2918201439440424,1.1159369,CFNN
data2,50,62,117.71928843179262,4.439251924291389,0.61202395,CFNN
data2,50,63,322.5875526964748,4.345415546807226,0.6920177,CFNN
data2,50,64,88.41613549881441,4.289501256253569,0.56664044,CFNN
data2,50,65,103.96057968491232,4.172784479451482,0.7062783,CFNN
data2,50,66,124.01097378941523,3.86915073776473,0.81650865,CFNN
data2,50,67,90.4358898516335,4.563838297763326,0.5507475,CFNN
data2,50,68,81.47154488851216,4.070278113079521,0.73409134,CFNN
data2,50,69,86.06701967249718,4.102337165947115,0.6906533,CFNN
data2,50,70,88.74887743817499,4.455098726965205,0.53475106,CFNN
data2,50,71,83.15514950511425,3.8483990638904,0.83411855,CFNN
data2,50,72,91.32493057913969,4.550848985653963,0.48975414,CFNN
data2,50,73,87.94276650778491,4.305942739957998,0.6620942,CFNN
data2,50,74,123.19530462093076,4.33719535783236,0.7347311,CFNN
data2,50,75,107.14778927591169,4.314049169142639,0.62611115,CFNN
data2,50,76,97.3360413447613,4.333690246073246,0.68008983,CFNN
data2,50,77,78.14211098951786,3.876543947115216,0.95760715,CFNN
data2,50,78,88.25467456189719,4.368293011653006,0.55103797,CFNN
data2,50,79,5352.449778281998,4.3848204964058155,0.6484803,CFNN
data2,50,80,91.8022347001664,3.994271008220895,0.6533711,CFNN
data2,50,81,98.7431465612532,4.176013211836224,0.7113306,CFNN
data2,50,82,105.00092585075906,3.757256606477057,1.0012113,CFNN
data2,50,83,87.4205026360391,4.14522843265675,0.6268788,CFNN
data2,50,84,87.60600506763487,4.262206236026388,0.7182495,CFNN
data2,50,85,91.83460232487947,4.264218077036533,0.63238627,CFNN
data2,50,86,97.93961222970779,3.8338493377074383,0.84550667,CFNN
data2,50,87,92.1215184044464,4.5531013504458935,0.55710363,CFNN
data2,50,88,97.27541824136559,4.130516782913716,0.6612738,CFNN
data2,50,89,84.10271915566537,4.17855563301129,0.6689272,CFNN
data2,50,90,86.99016185214518,4.311345031092804,0.6483028,CFNN
data2,50,91,94.90387392386201,4.134675293363488,0.65543556,CFNN
data2,50,92,102.99362007984926,4.539804264093553,0.4671061,CFNN
data2,50,93,95.39889545651727,4.4353313729363,0.54821897,CFNN
data2,50,94,376.92541644391173,4.049872842211992,0.76121837,CFNN
data2,50,95,105.43903235740618,4.453285945912317,0.54304594,CFNN
data2,50,96,86.98972627409361,4.282206358235198,0.550764,CFNN
data2,50,97,94.94212657966904,4.156864380643677,0.71764386,CFNN
data2,50,98,90.95006997107035,4.328787972579189,0.6522579,CFNN
data2,50,99,93.38160014820906,4.45152790701737,0.7192299,CFNN
data2,50,100,98.33710554638027,3.9635135268492476,0.64401734,CFNN
data2,100,1,82.18060403441459,3.3066358048007047,1.0533183,CFNN
data2,100,2,83.88442815509245,3.3095624293638486,1.1629219,CFNN
data2,100,3,86.30972349931227,4.231454164264151,0.62258565,CFNN
data2,100,4,100.34077763087228,3.793223595246019,0.98152596,CFNN
data2,100,5,89.28100170127614,4.498438335367856,0.5566443,CFNN
data2,100,6,88.2353990502683,4.620738660740756,0.59865016,CFNN
data2,100,7,88.96741257661036,4.278553530689593,0.6358756,CFNN
data2,100,8,118.0883119374917,4.666820030613522,0.500495,CFNN
data2,100,9,86.78318002972077,3.525908262628497,1.0764248,CFNN
data2,100,10,82.03168123281294,3.4663397810302143,1.0843194,CFNN
data2,100,11,86.41123351507697,4.335236653179257,0.5821741,CFNN
data2,100,12,88.94240555869597,3.625604049030294,1.0581701,CFNN
data2,100,13,78.36097865689322,3.9704328648767837,0.76029575,CFNN
data2,100,14,90.89061649095865,4.504371931821586,0.55284387,CFNN
data2,100,15,89.05203992166182,4.185521818928563,0.5971334,CFNN
data2,100,16,95.94095628180584,4.418307454990701,0.64679116,CFNN
data2,100,17,108.37365639790133,4.596177202742993,0.4377992,CFNN
data2,100,18,89.79486110158979,3.692637711977836,0.9435248,CFNN
data2,100,19,93.3293740229111,4.47957370084133,0.62411326,CFNN
data2,100,20,1620.4044051300048,4.649900004595031,0.49293396,CFNN
data2,100,21,96.57125380069235,4.482413906328576,0.5797678,CFNN
data2,100,22,76.14505889643634,3.559064245055306,0.9739238,CFNN
data2,100,23,91.90953566228238,4.145424794667481,0.687313,CFNN
data2,100,24,119.41366847841381,3.148470165879788,1.3134412,CFNN
data2,100,25,80.44934191511096,3.7149510213248873,0.9381874,CFNN
data2,100,26,83.560032374166,4.148846428303852,0.6669492,CFNN
data2,100,27,93.88034497056694,4.2125293779207675,0.64448476,CFNN
data2,100,28,92.72248376231207,4.4130175717306095,0.60906243,CFNN
data2,100,29,87.57382660732654,4.708929694913849,0.5542458,CFNN
data2,100,30,92.15469212706789,4.274123096860867,0.639402,CFNN
data2,100,31,92.73113198042505,4.334348229131598,0.6905148,CFNN
data2,100,32,87.44177964252204,3.5698969962382354,1.0651621,CFNN
data2,100,33,77.64326968430909,3.665220583551757,0.99535835,CFNN
data2,100,34,120.69681390101701,3.663446949707595,0.97622424,CFNN
data2,100,35,182.17869743512205,3.377606318956874,1.2029067,CFNN
data2,100,36,89.51958254109282,4.6974817278235195,0.5304033,CFNN
data2,100,37,95.328671624457,4.5948594945880386,0.57230836,CFNN
data2,100,38,84.67917271769221,3.4685414988517635,1.0210067,CFNN
data2,100,39,81.4448333546032,3.704198383380487,1.017266,CFNN
data2,100,40,213.04329987513887,4.59211502601142,0.43232936,CFNN
data2,100,41,79.9284697427896,3.644258238655758,1.0433933,CFNN
data2,100,42,100.48436476478216,4.3282026365997845,0.6307013,CFNN
data2,100,43,94.72281216861522,4.271266376951839,0.7344352,CFNN
data2,100,44,87.9611259045084,4.0817753287921805,0.7131824,CFNN
data2,100,45,131.50477651264993,4.24667644713301,0.6062684,CFNN
data2,100,46,94.9968455768847,4.412852569005697,0.6531099,CFNN
data2,100,47,93.47486729846321,4.2472163501459,0.4999629,CFNN
data2,100,48,102.09415688308397,4.529596381058007,0.4939723,CFNN
data2,100,49,99.34890792596707,3.650283229846392,1.0136728,CFNN
data2,100,50,89.0096581057705,3.608548778869702,1.0511079,CFNN
data2,100,51,92.68096437534771,4.5444850561232,0.6074829,CFNN
data2,100,52,96.74553312183947,4.182078716843957,0.63887763,CFNN
data2,100,53,191.53830304154724,4.490236179611726,0.58442175,CFNN
data2,100,54,112.21892571835703,4.421437388549905,0.5832981,CFNN
data2,100,55,78.57537027851708,3.8270673222697296,0.9460225,CFNN
data2,100,56,96.63742949870131,4.552882044495861,0.5919065,CFNN
data2,100,57,164.68037542901808,4.301177204413189,0.65962034,CFNN
data2,100,58,107.3080220296436,3.679918021688579,0.8468063,CFNN
data2,100,59,87.408596603292,4.086060453403818,0.6724914,CFNN
data2,100,60,78.06377099087987,3.708006060233864,0.97347796,CFNN
data2,100,61,99.55042607429996,3.7386488381001177,0.85726875,CFNN
data2,100,62,91.4559289587085,4.10384317364729,0.7306967,CFNN
data2,100,63,91.15005343407056,4.443009835522022,0.60666364,CFNN
data2,100,64,83.2219161922327,4.4467472346455255,0.6299394,CFNN
data2,100,65,101.62329766385317,4.431035088118597,0.5323447,CFNN
data2,100,66,147.50111219698195,3.700444596419368,1.02921,CFNN
data2,100,67,102.48517118459664,4.502557246803765,0.5928005,CFNN
data2,100,68,111.28303551536109,3.5603432233486294,1.0019436,CFNN
data2,100,69,94.11896658279856,4.597307427373391,0.55136377,CFNN
data2,100,70,86.93916590979475,4.607445697950862,0.6263254,CFNN
data2,100,71,80.50084985914874,3.5971732843421123,1.0120537,CFNN
data2,100,72,110.30830672039411,4.18267222441432,0.64631397,CFNN
data2,100,73,106.02783243361043,4.335414886397535,0.56337684,CFNN
data2,100,74,94.87663147546883,4.224675273258688,0.6481197,CFNN
data2,100,75,82.44157902537212,4.007663722863452,0.81355935,CFNN
data2,100,76,92.60825080724618,3.389245485735275,1.1552161,CFNN
data2,100,77,96.75204388851985,4.49213305057714,0.6144806,CFNN
data2,100,78,89.7760694991513,3.4920151875346725,1.1197344,CFNN
data2,100,79,90.86126418752228,4.541630859153364,0.58073205,CFNN
data2,100,80,109.68315953468294,4.191413823144723,0.6559797,CFNN
data2,100,81,97.6856603239297,4.007968502663175,0.7820423,CFNN
data2,100,82,77.37432198960944,3.621147274778108,1.0109756,CFNN
data2,100,83,101.60657421178921,3.681025499810614,0.95292854,CFNN
data2,100,84,83.73835468726143,4.582564981342804,0.58286494,CFNN
data2,100,85,88.16205319396421,3.680152330125105,0.9558219,CFNN
data2,100,86,82.29918543537755,3.8078912825156994,0.92016274,CFNN
data2,100,87,76.70895066304799,3.818177884282066,0.93287724,CFNN
data2,100,88,87.07624406821634,4.123312273585586,0.6907168,CFNN
data2,100,89,207.88968183411365,3.980333242103083,0.73935765,CFNN
data2,100,90,107.91383004089514,4.422340452721639,0.6047995,CFNN
data2,100,91,254.6759379752907,4.189980996650116,0.69499415,CFNN
data2,100,92,85.90989922835607,3.4962909583134083,1.0704013,CFNN
data2,100,93,115.7982865511089,3.6848203786001594,0.9840063,CFNN
data2,100,94,89.81153945873785,4.463866565368921,0.6299363,CFNN
data2,100,95,95.6333352559959,3.7434007295824863,0.9471141,CFNN
data2,100,96,89.64940036123664,4.5736512479419265,0.5303767,CFNN
data2,100,97,103.1237597057384,3.8043167740843713,1.0131241,CFNN
data2,100,98,88.7346912914519,4.348497656431036,0.61950475,CFNN
data2,100,99,105.4245906984712,4.283515743560348,0.5995822,CFNN
data2,100,100,90.12880991747805,3.715152129379133,0.9598611,CFNN
data2,1000,1,101.91992174740336,1.0472190278016438,2.8901203,CFNN
data2,1000,2,82.0445650693779,1.0370858663797151,2.857979,CFNN
data2,1000,3,71.57698811483361,1.04931623559167,2.8655355,CFNN
data2,1000,4,63.432121034753884,1.0391967951652863,3.0446675,CFNN
data2,1000,5,152.13537816677936,1.0355890686662614,2.8374476,CFNN
data2,1000,6,70.63617128931033,1.039811010263608,2.9686656,CFNN
data2,1000,7,167.2860583344231,1.0820386434033995,2.8631752,CFNN
data2,1000,8,78.3287514036591,1.0579964152156702,2.8735209,CFNN
data2,1000,9,1301.3416852682828,1.052708770520065,2.6992488,CFNN
data2,1000,10,65.48553035430834,1.074679261208549,2.9510787,CFNN
data2,1000,11,82.08961205130771,1.1001792421124472,2.8003223,CFNN
data2,1000,12,83.22893538523121,1.083156712169699,2.752584,CFNN
data2,1000,13,83.89882048593424,1.0693539568305146,2.8408682,CFNN
data2,1000,14,78.28859740562648,1.0541449030005852,2.8588793,CFNN
data2,1000,15,156.55458851212612,1.1125786188074418,2.9781084,CFNN
data2,1000,16,89.72957196503569,1.092834996722327,2.9179811,CFNN
data2,1000,17,61.09916380206242,1.093538963896605,2.7410522,CFNN
data2,1000,18,1227.3451912899816,1.0359727282989784,2.8711874,CFNN
data2,1000,19,93.60892697728328,1.0467220879834183,2.860441,CFNN
data2,1000,20,86.1577804107178,1.082053370313208,2.8793845,CFNN
data2,1000,21,71.41830290702296,1.0377405037873173,2.8587823,CFNN
data2,1000,22,374.7688762663764,1.1385873004831961,2.7844734,CFNN
data2,1000,23,65.29692970283523,1.086917752842323,2.8048851,CFNN
data2,1000,24,75.44758141035432,1.0812937001137126,2.7625234,CFNN
data2,1000,25,117.71726663812738,1.0339392894184518,2.825164,CFNN
data2,1000,26,94.00285956709924,1.124571615355356,2.9135697,CFNN
data2,1000,27,82.72903986870386,1.0646934370900907,2.8679342,CFNN
data2,1000,28,94.61707288678443,1.0901350393612783,2.774628,CFNN
data2,1000,29,80.97819348444453,1.1210480160757683,2.7276938,CFNN
data2,1000,30,66.87883563273664,1.110960230254242,2.6764028,CFNN
data2,1000,31,56.382394416004985,1.1127362633532265,2.6954317,CFNN
data2,1000,32,54.41343678582113,1.0639963738586427,3.06325,CFNN
data2,1000,33,225.8701442461247,1.0887270433532117,2.9614024,CFNN
data2,1000,34,158.28894482298594,1.037154345741522,2.8461077,CFNN
data2,1000,35,118.86500137041376,1.1344110528783853,2.8276217,CFNN
data2,1000,36,77.66487084810338,1.0662444595409992,2.8161411,CFNN
data2,1000,37,110.44957481185016,1.1241803447996845,2.9153953,CFNN
data2,1000,38,50.750169312525394,1.1464924937065366,2.895328,CFNN
data2,1000,39,240.70228540495927,1.090401766244438,2.8461401,CFNN
data2,1000,40,61.70142994642765,1.1082276667523359,2.7421978,CFNN
data2,1000,41,201.70885528125936,1.1786155682686201,2.7278774,CFNN
data2,1000,42,77.48340747638738,1.1794738846266979,2.6599898,CFNN
data2,1000,43,70.55317152728867,1.0533485765549406,2.8260388,CFNN
data2,1000,44,74.83981458252947,1.1243312622302946,2.7919993,CFNN
data2,1000,45,60.03964925577884,1.137570163667577,2.6977293,CFNN
data2,1000,46,60.670418974842,1.0779227553603843,2.8733957,CFNN
data2,1000,47,77.64039905229691,1.0848647791946697,2.8195238,CFNN
data2,1000,48,95.16139867813952,1.1065945599947908,2.8378823,CFNN
data2,1000,49,166.58965684474347,1.1159858673012133,2.8795998,CFNN
data2,1000,50,86.81111234928865,1.1047622274234288,2.8115401,CFNN
data2,1000,51,78.88746115740449,1.0547540492679353,2.9113963,CFNN
data2,1000,52,161.561742298175,1.1725328016114258,2.7008326,CFNN
data2,1000,53,86.611889217515,1.1522749861739137,2.6870801,CFNN
data2,1000,54,113.89326604059302,1.0729624684899604,2.9603546,CFNN
data2,1000,55,95.23837826986427,1.066780257522418,2.87542,CFNN
data2,1000,56,141.2155346330959,1.0650930945788086,2.9378715,CFNN
data2,1000,57,82.7345717815356,1.1244706555468842,2.7066147,CFNN
data2,1000,58,78.37016000706726,1.067165901741728,3.0345926,CFNN
data2,1000,59,92.79105718452509,1.1081595674896791,2.9043033,CFNN
data2,1000,60,72.05738711403129,1.0872417778197245,2.9878423,CFNN
data2,1000,61,84.78812473215554,1.04613319717474,2.9274693,CFNN
data2,1000,62,98.10109000064936,1.0427037942185169,2.892615,CFNN
data2,1000,63,118.37305786863186,1.026975833133435,2.7635624,CFNN
data2,1000,64,80.70724687149395,1.0539479038402815,3.0410264,CFNN
data2,1000,65,107.15385680772587,1.062519056651259,2.9734712,CFNN
data2,1000,66,83.69557540180209,1.0957415775713204,2.87564,CFNN
data2,1000,67,231.11222902840797,1.0759722241259422,2.816059,CFNN
data2,1000,68,157.62837149351046,1.0877730829301677,3.1088955,CFNN
data2,1000,69,359.1574866700985,1.0445522492579844,3.0147748,CFNN
data2,1000,70,83.65552179695167,1.1486420515659106,2.700654,CFNN
data2,1000,71,79.52916139991339,1.10079646985465,2.7149463,CFNN
data2,1000,72,1409.5071046335966,1.0928251621806815,2.9605746,CFNN
data2,1000,73,187.46817662222867,1.0408844680037597,2.9312382,CFNN
data2,1000,74,188.1186503391693,1.0973178756997262,2.7398262,CFNN
data2,1000,75,370.7930502365616,1.0513709768558352,3.0709438,CFNN
data2,1000,76,102.1761887724675,1.0688881541301696,2.782038,CFNN
data2,1000,77,65.23140552538767,1.0592100291159008,2.8773558,CFNN
data2,1000,78,267.8506088547475,1.0144796559653175,2.9616964,CFNN
data2,1000,79,154.1150689980548,1.1280706238224287,2.7777507,CFNN
data2,1000,80,108.29699082521638,1.1142462544005878,2.790478,CFNN
data2,1000,81,71.52873290870582,1.0694489462521906,2.9010503,CFNN
data2,1000,82,135.370718316297,1.0835346074125156,2.7706518,CFNN
data2,1000,83,126.22705494663226,1.0510799876312427,3.0030942,CFNN
data2,1000,84,136.24594900087587,1.0401560425469805,2.9434493,CFNN
data2,1000,85,85.40774706463019,1.0621104046496497,2.8856552,CFNN
data2,1000,86,79.93208397200439,1.109299672433372,2.7200658,CFNN
data2,1000,87,77.58632326689099,1.0496062481072912,2.9535952,CFNN
data2,1000,88,92.40730143554823,1.1488252702602777,2.753219,CFNN
data2,1000,89,53.374412335774515,1.0548164071319963,2.909476,CFNN
data2,1000,90,80.9252890342814,1.121074406622868,2.7962265,CFNN
data2,1000,91,74.59745773757774,1.0373473280723478,2.9149911,CFNN
data2,1000,92,81.99104718072738,1.0578776727535786,2.7841487,CFNN
data2,1000,93,64.7594486785237,1.0720165144692435,2.8173852,CFNN
data2,1000,94,220.8159477692694,1.0689872128850035,3.0089283,CFNN
data2,1000,95,91.71145898130882,1.1302136062613868,2.6595132,CFNN
data2,1000,96,63.972806006491055,1.0045900539039587,2.975944,CFNN
data2,1000,97,140.04435383961794,1.092392558084945,2.8435743,CFNN
data2,1000,98,99.07086981115792,1.0413322951332886,2.9039352,CFNN
data2,1000,99,89.90400249280262,1.1229432180021655,2.8176885,CFNN
data2,1000,100,100.06118349292605,1.0724814543407333,2.8238935,CFNN
data3,50,1,73.8556966469809,4.892084897882183,0.33547834,CFNN
data3,50,2,76.61963106019999,5.883177260135038,0.31330475,CFNN
data3,50,3,100.43828554703833,5.133996291249738,0.43002746,CFNN
data3,50,4,82.02572649237662,5.495575428471194,0.3435575,CFNN
data3,50,5,72.55830761785911,4.79198932723594,0.7482471,CFNN
data3,50,6,83.74012605889024,5.58333163221034,0.3563546,CFNN
data3,50,7,65.3164359122706,4.846947383263907,0.5446176,CFNN
data3,50,8,76.20761219929918,5.093550277578879,0.3648087,CFNN
data3,50,9,70.79190810301456,4.865793968206278,0.3762545,CFNN
data3,50,10,83.78058405329513,5.096737977180114,0.76418674,CFNN
data3,50,11,76.5134953864574,5.123236029596743,0.311346,CFNN
data3,50,12,81.00937234990629,5.22690599066825,0.53248566,CFNN
data3,50,13,74.14066864107285,4.697902185504522,0.5996162,CFNN
data3,50,14,82.12763455619654,4.6153418713429435,0.48448792,CFNN
data3,50,15,72.32223120491156,5.073659421151805,0.53657764,CFNN
data3,50,16,71.00739848380478,4.946394909397245,0.48583642,CFNN
data3,50,17,75.2025262144849,4.943030477893768,0.59787405,CFNN
data3,50,18,77.19289372094633,4.383965340958203,0.76434994,CFNN
data3,50,19,87.50808276790205,5.156597101777034,0.73777765,CFNN
data3,50,20,80.08685106653095,5.6162783043044655,0.23739651,CFNN
data3,50,21,75.45025988667453,5.5013645072023944,0.43006027,CFNN
data3,50,22,76.99871929943814,5.563957807204541,0.32586232,CFNN
data3,50,23,76.89352452116633,4.518635561762669,0.374014,CFNN
data3,50,24,82.04956089718509,6.048080965833975,0.16974603,CFNN
data3,50,25,78.60632419309688,5.655634798663462,0.45152813,CFNN
data3,50,26,84.87590624876664,6.074073653349667,0.30527216,CFNN
data3,50,27,86.71088039828861,5.439870668227824,0.74613535,CFNN
data3,50,28,77.80095747238727,5.112458760013755,0.51211196,CFNN
data3,50,29,79.81929908724156,6.054051639059746,0.274208,CFNN
data3,50,30,73.30151765689736,4.965594758950487,0.4386831,CFNN
data3,50,31,74.08706839641157,5.449138884809648,0.38352835,CFNN
data3,50,32,146.17052701885177,4.639531532257783,0.72487533,CFNN
data3,50,33,128.03801429627777,4.9068830459154205,0.46011114,CFNN
data3,50,34,76.58951871255111,4.736800581263372,0.7229185,CFNN
data3,50,35,73.17202454461086,4.990035871768069,0.37804815,CFNN
data3,50,36,90.74847668974154,5.088017643131134,0.51729846,CFNN
data3,50,37,75.18507379409051,5.006998804484752,0.30848217,CFNN
data3,50,38,76.77069489976869,5.268981999189479,0.56598806,CFNN
data3,50,39,75.90890530476176,4.515288781049763,0.6633444,CFNN
data3,50,40,80.48004968288794,5.473191813945101,0.33790913,CFNN
data3,50,41,83.57045848827931,5.151192927192412,0.59197366,CFNN
data3,50,42,74.889341505929,4.980064756171343,0.4221159,CFNN
data3,50,43,154.57002777564873,4.784820155553129,0.75823903,CFNN
data3,50,44,98.31620638801917,5.18525878571212,0.6818382,CFNN
data3,50,45,87.86937346494483,4.585452517102995,0.5796347,CFNN
data3,50,46,78.46366202852694,5.330962269242905,0.3823468,CFNN
data3,50,47,91.2578917196585,5.195791632776461,0.3082549,CFNN
data3,50,48,78.89006610187042,5.468830194940903,0.35500786,CFNN
data3,50,49,75.86131204513961,4.92886712662396,0.34534356,CFNN
data3,50,50,90.8277760087252,5.297355864140737,0.34093952,CFNN
data3,50,51,82.12430732723654,6.103212948124055,0.15972127,CFNN
data3,50,52,72.48914208608835,4.9466603897245145,0.58871055,CFNN
data3,50,53,72.82641494641616,4.545715236298543,0.74644655,CFNN
data3,50,54,73.82225710577869,4.636478309919744,0.5928661,CFNN
data3,50,55,85.54028079771639,4.662035105552031,0.8320846,CFNN
data3,50,56,76.25923157848206,5.178941177800716,0.36423463,CFNN
data3,50,57,74.16298298748067,5.249660302665446,0.38823807,CFNN
data3,50,58,69.99751743119572,4.406174829746766,0.7985659,CFNN
data3,50,59,83.7858689083798,5.038869148297894,0.4909255,CFNN
data3,50,60,77.86332104193525,5.353686825236577,0.25875604,CFNN
data3,50,61,77.24729773452971,4.761038891423012,0.34997997,CFNN
data3,50,62,86.65456337977056,5.158181022974912,0.5174351,CFNN
data3,50,63,70.7700411917278,4.97850060240341,0.66115844,CFNN
data3,50,64,74.46790516141981,5.464818304770689,0.3220502,CFNN
data3,50,65,77.17352403835616,5.000381879815784,0.39883474,CFNN
data3,50,66,76.75294203242923,5.551523238048084,0.40148792,CFNN
data3,50,67,98.625655479228,4.645146993979953,0.6185337,CFNN
data3,50,68,353.49894103299226,5.383609776193364,0.44140485,CFNN
data3,50,69,107.58869184078175,4.785559828113712,0.631139,CFNN
data3,50,70,79.39894604942401,5.26484539247632,0.5456231,CFNN
data3,50,71,125.90058127500157,5.076245117276802,0.5831261,CFNN
data3,50,72,69.81592139618922,4.777438394172381,0.6006477,CFNN
data3,50,73,78.01493196756456,5.874776199647012,0.27252105,CFNN
data3,50,74,103.72594993526792,4.17818877140799,0.65752345,CFNN
data3,50,75,74.01040260722722,5.4903230383446475,0.50277394,CFNN
data3,50,76,73.83094744898689,5.605487849963265,0.40757313,CFNN
data3,50,77,105.28075208115344,5.752771841861337,0.57076675,CFNN
data3,50,78,78.99364896891714,5.173496224658654,0.48591062,CFNN
data3,50,79,81.43836779053234,4.917226612825569,0.35541782,CFNN
data3,50,80,74.65130140375786,4.941981130609146,0.5509929,CFNN
data3,50,81,86.72045293103466,5.377220106628598,0.27251127,CFNN
data3,50,82,75.39969083730496,4.656673744207396,0.6680985,CFNN
data3,50,83,107.97256127522874,4.994410352901752,0.5009793,CFNN
data3,50,84,161.9225474643316,5.455663419997472,0.3581539,CFNN
data3,50,85,82.41736373287034,4.986266726757272,0.39448872,CFNN
data3,50,86,77.70773636369881,4.895983944494733,0.5941842,CFNN
data3,50,87,76.74238387947412,4.746527434298653,0.57828283,CFNN
data3,50,88,75.76168974953914,4.72216738198566,0.5332152,CFNN
data3,50,89,75.63789038491886,4.677822698709299,0.7076133,CFNN
data3,50,90,78.54672214871763,5.484387546395762,0.3557027,CFNN
data3,50,91,69.2209669130764,4.993476295642568,0.5553358,CFNN
data3,50,92,75.98997189967093,5.200354163375401,0.7721898,CFNN
data3,50,93,187.98228291625105,5.018887978508276,0.23397665,CFNN
data3,50,94,76.26129323015445,5.330843198256327,0.25943646,CFNN
data3,50,95,77.78124106841577,4.791670977926708,0.11615744,CFNN
data3,50,96,95.1323546422017,5.232348553378208,0.44427153,CFNN
data3,50,97,79.75595641760822,5.780685012177192,0.07127986,CFNN
data3,50,98,111.65354706745529,5.96720207258895,0.3652112,CFNN
data3,50,99,74.33448475239646,4.955963114421947,0.7040144,CFNN
data3,50,100,94.38512587858798,5.2444954516169195,0.38608286,CFNN
data3,100,1,106.53312618634953,4.581829307841769,0.62583584,CFNN
data3,100,2,71.63307742270514,4.74374717707876,0.5301653,CFNN
data3,100,3,76.27547361781447,5.674753055048016,0.22222933,CFNN
data3,100,4,70.0426691422997,4.78907290621185,0.6871162,CFNN
data3,100,5,81.44730653659698,5.558462753941683,0.2280797,CFNN
data3,100,6,68.21597118315772,4.673127313365763,0.48695847,CFNN
data3,100,7,81.84142776643696,4.790353492459899,0.70905435,CFNN
data3,100,8,72.87309432141251,5.189339061845516,0.34413365,CFNN
data3,100,9,86.30280709826484,4.443112671999451,0.35646325,CFNN
data3,100,10,80.47903875285807,5.634697267006162,0.4593076,CFNN
data3,100,11,72.37013852234962,4.722272991758307,0.5861217,CFNN
data3,100,12,74.70226430327311,5.136766404078637,0.4027002,CFNN
data3,100,13,98.76571783476508,5.469347734863479,0.362027,CFNN
data3,100,14,65.7253310980697,4.394863228789908,0.7977642,CFNN
data3,100,15,93.9766716326035,5.092170590737451,0.41653892,CFNN
data3,100,16,75.312559301437,5.158407481125065,0.49825618,CFNN
data3,100,17,1030.072328754969,5.149410419849561,0.357798,CFNN
data3,100,18,76.47194912759815,5.347859058935967,0.47150192,CFNN
data3,100,19,73.4168624560215,4.937886172377838,0.6347819,CFNN
data3,100,20,76.50396925110844,5.859299499808764,0.3073515,CFNN
data3,100,21,77.32155052098115,5.33078444058799,0.4510672,CFNN
data3,100,22,82.98582845254532,4.520845681806237,0.59854406,CFNN
data3,100,23,179.73303016473213,5.579562137298237,0.49879226,CFNN
data3,100,24,321.85471228268676,4.7090932513801045,0.9257512,CFNN
data3,100,25,110.26321021573263,5.550502212572362,0.35077626,CFNN
data3,100,26,146.47306606283956,4.505476008545049,0.59466773,CFNN
data3,100,27,80.35173937422748,4.663302778748951,0.61146045,CFNN
data3,100,28,75.09122542641315,5.130179804316687,0.44272324,CFNN
data3,100,29,73.51634196255199,4.530353752077415,0.61067396,CFNN
data3,100,30,91.3658415531269,5.515884353152743,0.53973925,CFNN
data3,100,31,94.25343154905839,5.220266465912406,0.54418135,CFNN
data3,100,32,78.78948655361273,5.612769757567804,0.43901533,CFNN
data3,100,33,72.56124450206161,4.685163134088075,0.6431608,CFNN
data3,100,34,72.46163092011818,5.022046062424157,0.36042926,CFNN
data3,100,35,65.47504884744201,4.120580083299063,0.47388262,CFNN
data3,100,36,75.2432353362111,4.897373795700149,0.4256844,CFNN
data3,100,37,73.38702712682694,4.979956244824379,0.38392726,CFNN
data3,100,38,82.35688222552986,4.779594563279197,0.45974475,CFNN
data3,100,39,95.7263362447155,4.807097146025046,0.41467565,CFNN
data3,100,40,87.49895235527693,5.348927124868707,0.56195277,CFNN
data3,100,41,84.9672691037545,5.286042372041163,0.6134606,CFNN
data3,100,42,81.61107992720751,5.665971723348166,0.41448832,CFNN
data3,100,43,77.83162812448535,4.768338506660893,0.47036412,CFNN
data3,100,44,83.02769185111444,5.477656020537671,0.599671,CFNN
data3,100,45,112.80344006789176,4.5190597941256465,0.58242536,CFNN
data3,100,46,70.11137190114228,4.378293559019662,0.76813465,CFNN
data3,100,47,81.73249024564564,5.5248824279467055,0.53059447,CFNN
data3,100,48,72.94676193614619,4.9103617055563875,0.87526023,CFNN
data3,100,49,131.45032521749226,4.923557533017359,0.57835096,CFNN
data3,100,50,92.66811253240235,5.5462484285879885,0.58213687,CFNN
data3,100,51,84.67205809380587,5.477113733165528,0.53221816,CFNN
data3,100,52,69.14814588529005,4.682431982690344,0.57550097,CFNN
data3,100,53,79.90306213037553,5.380300118413432,0.47652128,CFNN
data3,100,54,83.89240573785483,4.878905097334514,0.6171175,CFNN
data3,100,55,98.24405963744076,5.260608675047762,0.47233564,CFNN
data3,100,56,75.24555554717297,5.343632389918492,0.4885898,CFNN
data3,100,57,78.82301641830406,5.5090212013688005,0.15982349,CFNN
data3,100,58,79.02078905468548,5.119138866865399,0.502074,CFNN
data3,100,59,72.49708833729859,5.0294224804081615,0.23499963,CFNN
data3,100,60,73.66413072911824,5.023354187886605,0.68502307,CFNN
data3,100,61,86.26449249377056,4.932509585620085,0.69666064,CFNN
data3,100,62,70.18808348034766,4.7201213098099295,0.40213868,CFNN
data3,100,63,139.00359405238157,4.1404074970051425,0.6547582,CFNN
data3,100,64,91.4627080422621,5.326487432827992,0.59781605,CFNN
data3,100,65,93.23992317775821,5.208758395749629,0.66375256,CFNN
data3,100,66,73.34349591656772,5.056963053423744,0.58501875,CFNN
data3,100,67,75.67224145582388,4.6039001021239425,0.46745938,CFNN
data3,100,68,67.62993969164363,4.482791828002442,0.6493065,CFNN
data3,100,69,76.5482143153682,5.444221732677264,0.21994011,CFNN
data3,100,70,83.11952699987954,4.177753330748712,0.7960559,CFNN
data3,100,71,71.01458356143685,4.761416140823423,0.6509194,CFNN
data3,100,72,74.66194976907151,4.345548648290322,0.66195136,CFNN
data3,100,73,91.14693860706998,4.381849191493458,0.41841435,CFNN
data3,100,74,76.05775487048044,5.077636410837416,0.5090124,CFNN
data3,100,75,91.79673809134619,4.256620025364901,1.1062752,CFNN
data3,100,76,72.31446990967763,4.869191599180823,0.9220021,CFNN
data3,100,77,93.48679721491881,5.651666629532896,0.3530343,CFNN
data3,100,78,70.33953325671737,4.967228638907882,0.50466645,CFNN
data3,100,79,78.3369604943215,5.418707187826966,0.5589277,CFNN
data3,100,80,75.20039125881034,5.125883142592522,0.3711541,CFNN
data3,100,81,76.7084026307884,5.019504343845594,0.47926894,CFNN
data3,100,82,74.81066111363359,5.08111299576443,0.7774098,CFNN
data3,100,83,69.2962821916731,4.88961447597584,0.45227626,CFNN
data3,100,84,84.4069830670325,4.7535759808840465,0.5008368,CFNN
data3,100,85,83.87666089764367,4.577196286107431,0.7601312,CFNN
data3,100,86,67.68432854882751,4.7865402950701545,0.5583784,CFNN
data3,100,87,78.70377880050323,5.491159031624667,0.30942953,CFNN
data3,100,88,73.58538237276541,5.109377080225031,0.6371008,CFNN
data3,100,89,79.69275670066266,4.50364979993037,0.7876566,CFNN
data3,100,90,132.53433137510086,5.112230172728106,0.43234324,CFNN
data3,100,91,79.68303425791025,5.3056801057961955,0.4332236,CFNN
data3,100,92,75.72497378316507,5.260426068018856,0.3939529,CFNN
data3,100,93,123.5929059655368,4.404578225395583,0.5815864,CFNN
data3,100,94,77.83495612047295,4.699593162707681,0.6933191,CFNN
data3,100,95,79.98869924386148,5.605703476953802,0.29603747,CFNN
data3,100,96,71.02338953483145,4.090390294919003,1.0020179,CFNN
data3,100,97,74.33542532870833,5.072409736538094,0.63374525,CFNN
data3,100,98,75.28873667476998,4.935607264268291,0.40565512,CFNN
data3,100,99,91.41166996198743,4.983013763716011,0.62906456,CFNN
data3,100,100,71.82035517520582,4.8047838588392775,0.5239852,CFNN
data3,1000,1,87.76331849883343,1.0601430664692204,2.451231,CFNN
data3,1000,2,47.75752197636062,1.1149557452894778,2.2745094,CFNN
data3,1000,3,51.796056873033024,1.14994436959274,2.2545595,CFNN
data3,1000,4,45.22706911151196,1.1091681596263596,2.3701036,CFNN
data3,1000,5,59.48982369078879,1.103300475874755,2.24467,CFNN
data3,1000,6,133.04935025300006,1.0999388591975179,2.6887534,CFNN
data3,1000,7,47.09794219146975,1.1566368959408635,2.3357005,CFNN
data3,1000,8,45.49408031149697,1.1617779233962706,2.3692367,CFNN
data3,1000,9,49.906896360875095,1.2801190750142464,1.9365447,CFNN
data3,1000,10,111.02619384927237,1.0946467615932143,2.4027305,CFNN
data3,1000,11,52.87077002978323,1.077228181421116,2.3741446,CFNN
data3,1000,12,41.91544536048677,1.0920622365466386,2.2157462,CFNN
data3,1000,13,73.19801975420529,1.100837407900048,2.259646,CFNN
data3,1000,14,54.1030875521044,1.157115856780385,2.109117,CFNN
data3,1000,15,50.46533307240293,1.3300542444155778,2.264362,CFNN
data3,1000,16,52.84061009019818,1.1402929583205157,2.0201373,CFNN
data3,1000,17,63.82410679458312,1.2409995914868777,2.327427,CFNN
data3,1000,18,57.58453357120086,1.170206189423401,2.3774295,CFNN
data3,1000,19,56.93413443160009,1.0742332700499506,2.2056904,CFNN
data3,1000,20,97.72411590769727,1.2397557323172301,2.1944215,CFNN
data3,1000,21,87.10716198571144,1.1242450253430267,2.3075109,CFNN
data3,1000,22,64.23589574592756,1.1136560069158805,2.2979555,CFNN
data3,1000,23,56.02026467845156,1.126752978774773,2.174568,CFNN
data3,1000,24,45.030004709701316,1.15884740315137,2.293116,CFNN
data3,1000,25,100.99346689172334,1.189022597079712,2.4111748,CFNN
data3,1000,26,93.88811496898177,1.1472537443570263,2.261063,CFNN
data3,1000,27,56.401764409927566,1.1433867179146346,2.277088,CFNN
data3,1000,28,51.749361535479665,1.1030370554673785,2.2781167,CFNN
data3,1000,29,59.566244646091626,1.1465728777794515,2.3988822,CFNN
data3,1000,30,91.01517605726858,1.1759787208454222,2.091028,CFNN
data3,1000,31,57.10279265591769,1.179077211084342,2.4887173,CFNN
data3,1000,32,43.268176224244534,1.1472197028254227,2.1571684,CFNN
data3,1000,33,75.68147386677464,1.1017446502088388,2.5447195,CFNN
data3,1000,34,206.2710896425603,1.0803756082797293,2.5260317,CFNN
data3,1000,35,61.346322918955046,1.1045004660719446,2.4862535,CFNN
data3,1000,36,103.64276537579038,1.136116529229879,2.7617621,CFNN
data3,1000,37,67.30377291523384,1.1344180950200735,2.271983,CFNN
data3,1000,38,74.02653045629401,1.0966573599075475,2.3688073,CFNN
data3,1000,39,147.70432405312422,1.0703346922706367,2.2064264,CFNN
data3,1000,40,40.17090320776441,1.0954740168148847,2.3573642,CFNN
data3,1000,41,61.88789686861443,1.1825375566289709,2.2423058,CFNN
data3,1000,42,174.91893328385882,1.1242608916452155,2.4163804,CFNN
data3,1000,43,58.473205594737685,1.123719971606153,2.0334682,CFNN
data3,1000,44,57.10217058827438,1.1087677365120816,2.3182437,CFNN
data3,1000,45,42.5985737971447,1.1658323007623501,2.2082245,CFNN
data3,1000,46,43.09166767418907,1.1000273378004841,2.2633183,CFNN
data3,1000,47,63.92167670360058,1.266325688321828,2.2175214,CFNN
data3,1000,48,75.44970676197042,1.0800775243877816,2.6160479,CFNN
data3,1000,49,53.50051325057461,1.2151489988710924,2.019406,CFNN
data3,1000,50,67.3739071500917,1.1169183220609122,2.2881274,CFNN
data3,1000,51,40.8061356836283,1.1319092830543986,2.2859175,CFNN
data3,1000,52,109.25121192026317,1.179541741153178,2.219697,CFNN
data3,1000,53,47.549368703513665,1.109090543829146,2.2084565,CFNN
data3,1000,54,84.87494880275601,1.071337861596773,2.173456,CFNN
data3,1000,55,53.85677086222284,1.2267241262892532,2.387792,CFNN
data3,1000,56,180.1718358465331,1.334143552557905,2.1010547,CFNN
data3,1000,57,48.11471945802807,1.1178628756273272,2.2752502,CFNN
data3,1000,58,100.47829359080484,1.1510739231450975,2.455405,CFNN
data3,1000,59,44.25782392287797,1.1964639216016941,2.238996,CFNN
data3,1000,60,51.34399426822536,1.1149504477869836,2.4954545,CFNN
data3,1000,61,68.32908675336617,1.2326186655735656,2.065566,CFNN
data3,1000,62,145.54942817707337,1.3417265681162573,2.1808941,CFNN
data3,1000,63,263.2226626570255,1.1273227655876634,2.4944594,CFNN
data3,1000,64,76.09891300940785,1.228682220753036,2.236446,CFNN
data3,1000,65,58.63378935015494,1.1354554801908332,2.6015692,CFNN
data3,1000,66,68.1862483221096,1.1013445096845975,2.156284,CFNN
data3,1000,67,52.152117723048754,1.0908008752694445,2.1790755,CFNN
data3,1000,68,65.14953888078146,1.0731561314767304,2.7475538,CFNN
data3,1000,69,45.6884719695246,1.2010694824720434,2.2158744,CFNN
data3,1000,70,86.08121236935592,1.1178148673175,2.3679767,CFNN
data3,1000,71,38.79429051021721,1.2544515779565084,2.2330213,CFNN
data3,1000,72,71.76843082462908,1.1992510683273683,1.9342744,CFNN
data3,1000,73,43.28030001686683,1.210975756011839,2.0841932,CFNN
data3,1000,74,65.4733733758435,1.1403151395537212,2.1546206,CFNN
data3,1000,75,67.5993374921109,1.1410876364023554,2.1651077,CFNN
data3,1000,76,114.26342630115171,1.2100776855279478,2.4696758,CFNN
data3,1000,77,52.07136876752539,1.0152894149048184,2.4622328,CFNN
data3,1000,78,61.72548567173178,1.1518636943378875,2.417484,CFNN
data3,1000,79,229.9692846238019,1.2227132387132862,2.1978,CFNN
data3,1000,80,78.05562841057322,1.062215707438054,2.5042515,CFNN
data3,1000,81,39.349654163361286,1.096371552173309,2.5380704,CFNN
data3,1000,82,57.80756114915171,1.1110969681262703,2.3490727,CFNN
data3,1000,83,54.663700152924996,1.2363748698173809,2.3307571,CFNN
data3,1000,84,50.85316040793175,1.2560388008388848,2.463256,CFNN
data3,1000,85,41.411648038835175,1.130424801498368,2.5474384,CFNN
data3,1000,86,226.68434404472205,1.1599412316847575,2.4037886,CFNN
data3,1000,87,130.33250809985063,1.176278721543192,2.3808327,CFNN
data3,1000,88,69.40031643460445,1.0868947609461355,2.3458555,CFNN
data3,1000,89,47.98014288491066,1.0505164782766563,2.4410985,CFNN
data3,1000,90,106.30880544309802,1.1107773315425422,2.341877,CFNN
data3,1000,91,76.74259620770016,1.3798818138272466,2.041883,CFNN
data3,1000,92,41.231354917377004,1.2610558762924953,2.052813,CFNN
data3,1000,93,46.84305946260681,1.0595768628000515,2.5746841,CFNN
data3,1000,94,52.153963725768335,1.092314244363549,2.7494698,CFNN
data3,1000,95,98.06492075667708,1.1300454345210182,2.327479,CFNN
data3,1000,96,52.91944671701834,1.1632722708529966,2.4156694,CFNN
data3,1000,97,7047.341036652495,1.2366606336229151,2.3233423,CFNN
data3,1000,98,53.77346986976206,1.0997024325954645,2.6492274,CFNN
data3,1000,99,56.50372775206013,1.086551169370099,2.452453,CFNN
data3,1000,100,139.60386126258632,1.1260324676382765,2.2776732,CFNN
data4,50,1,74.64077366975084,3.81237183382504,0.34968445,CFNN
data4,50,2,69.46026685936995,3.747471954897719,0.3875346,CFNN
data4,50,3,79.76581260109917,3.7470730487477732,0.5003238,CFNN
data4,50,4,83.54203561291476,3.9645377618627253,0.46427026,CFNN
data4,50,5,79.44353703207506,3.2654230191925993,0.6700182,CFNN
data4,50,6,73.2398962251418,3.550212390176388,0.74847656,CFNN
data4,50,7,79.44733883164187,3.761585293734788,0.3798664,CFNN
data4,50,8,77.41872739723131,3.6219513574165947,0.43677616,CFNN
data4,50,9,79.32058641907244,3.771383705754345,0.481894,CFNN
data4,50,10,75.7046505587085,3.6458078875414257,0.6107717,CFNN
data4,50,11,87.78674304756498,3.7257118120267623,0.50157744,CFNN
data4,50,12,80.67005743341375,3.8818500839532817,0.497013,CFNN
data4,50,13,82.98924408096302,3.7527887843886356,0.40057883,CFNN
data4,50,14,81.25109431599668,3.813862248101244,0.6312957,CFNN
data4,50,15,74.85201827692732,3.7707970008354907,0.6179951,CFNN
data4,50,16,86.52943414486951,3.825435139257323,0.5600518,CFNN
data4,50,17,93.6487993104953,3.540150516978326,0.7462519,CFNN
data4,50,18,72.51237101843483,3.7310744850417943,0.58168757,CFNN
data4,50,19,83.27061309773467,3.8341417195982634,0.38049164,CFNN
data4,50,20,74.59974435736441,3.8215408318316895,0.35218742,CFNN
data4,50,21,77.97941958376072,3.795941856985902,0.37357897,CFNN
data4,50,22,96.132326368199,3.776505433388265,0.48908332,CFNN
data4,50,23,70.87882958550188,3.7428002346492386,0.5784134,CFNN
data4,50,24,74.43295008944492,3.8032359689344526,0.26568007,CFNN
data4,50,25,77.42244681697892,3.6753065393889712,0.4600053,CFNN
data4,50,26,70.71921548559753,3.618140689453065,0.5035551,CFNN
data4,50,27,77.89560551318367,3.7654629731619753,0.4939335,CFNN
data4,50,28,73.44274460587708,3.774383876075955,0.6061802,CFNN
data4,50,29,84.05709747685839,3.605830420511896,0.49180245,CFNN
data4,50,30,93.4898595831444,3.6444990671637694,0.5458274,CFNN
data4,50,31,77.66778709006415,3.9648228690489873,0.4365252,CFNN
data4,50,32,84.58150375886035,3.8956232312959505,0.4815572,CFNN
data4,50,33,75.36082600115522,3.8459687160093123,0.40507358,CFNN
data4,50,34,76.421891221325,4.019809646920306,0.35029486,CFNN
data4,50,35,81.14257836031453,3.6667852236578358,0.35397545,CFNN
data4,50,36,76.89495215663305,3.5618312315220777,0.4629743,CFNN
data4,50,37,71.50851720208395,3.557562973906031,0.6059652,CFNN
data4,50,38,81.11957054303605,3.806565472943274,0.36743262,CFNN
data4,50,39,78.15929994496162,3.95418254581936,0.4120773,CFNN
data4,50,40,76.63947314195352,3.6295398051203276,0.37019566,CFNN
data4,50,41,78.47640552975437,3.917066502152408,0.44303367,CFNN
data4,50,42,87.01795252785385,4.280566016988481,0.33080792,CFNN
data4,50,43,78.11951227244532,3.9732252483291552,0.5639259,CFNN
data4,50,44,74.69352797373242,3.8370711013290952,0.42701003,CFNN
data4,50,45,277.4042015173226,3.5343131668583747,0.6817916,CFNN
data4,50,46,81.25988938522357,3.8553490550563625,0.4622047,CFNN
data4,50,47,87.01972609517445,3.886373634757689,0.536477,CFNN
data4,50,48,86.99993981852678,3.614720357371326,0.5304115,CFNN
data4,50,49,77.56205841128418,3.700328421262113,0.52434313,CFNN
data4,50,50,138.12177999382084,3.850737213111097,0.30764723,CFNN
data4,50,51,73.51904263442978,3.764747215063603,0.40067762,CFNN
data4,50,52,134.62589971622566,3.6328679741050123,0.4531692,CFNN
data4,50,53,77.53187431473597,3.88475288025028,0.5657038,CFNN
data4,50,54,91.53380694658617,3.5276449472237754,0.6274317,CFNN
data4,50,55,77.6794850493883,4.028390406270635,0.4491689,CFNN
data4,50,56,79.00487805735223,3.840579948218366,0.49442834,CFNN
data4,50,57,111.15174322387837,3.681226758408985,0.5587913,CFNN
data4,50,58,76.46693396880157,3.7271416403397093,0.41554436,CFNN
data4,50,59,94.07909672842118,4.234744320988029,0.2947479,CFNN
data4,50,60,77.07202649122478,3.513302453303431,0.68958384,CFNN
data4,50,61,80.04033504070753,4.190720579711842,0.40759274,CFNN
data4,50,62,72.52987533881334,3.7666651810637704,0.4010859,CFNN
data4,50,63,76.70245772522254,3.8394185424786507,0.4023297,CFNN
data4,50,64,74.92861672472937,3.6782849967603672,0.3024211,CFNN
data4,50,65,82.75605322385267,4.027526934793753,0.2984802,CFNN
data4,50,66,78.9372619526251,3.662459976786401,0.42989975,CFNN
data4,50,67,87.91893627132119,3.749165922809147,0.42270434,CFNN
data4,50,68,95.33261018846369,4.010236776967566,0.43578836,CFNN
data4,50,69,72.39902421447252,3.6469079138450993,0.4712271,CFNN
data4,50,70,74.68364426914468,3.6824641343102136,0.5356689,CFNN
data4,50,71,80.25870722383837,3.8920773356360843,0.30419666,CFNN
data4,50,72,80.9864471475468,3.7767339267830202,0.53044677,CFNN
data4,50,73,83.86277016075316,3.9364068252631643,0.6107413,CFNN
data4,50,74,92.2254530501333,3.57786932174868,0.4890096,CFNN
data4,50,75,86.8565035203549,3.9227040892094562,0.37574804,CFNN
data4,50,76,71.62569358357459,3.7716367055728792,0.39270777,CFNN
data4,50,77,78.93229856302449,4.0560096376325925,0.25585648,CFNN
data4,50,78,78.4614897343786,4.087647096638501,0.36429712,CFNN
data4,50,79,73.38298770046,3.7456323496855664,0.51899207,CFNN
data4,50,80,73.53001830738899,3.6912645548923892,0.38217422,CFNN
data4,50,81,126.11257607293047,3.643936660650105,0.43734214,CFNN
data4,50,82,83.77914201824797,3.959564168671817,0.46704462,CFNN
data4,50,83,230.62581076786813,3.7094610684415503,0.57996947,CFNN
data4,50,84,72.49927358579079,3.65364644947133,0.57822865,CFNN
data4,50,85,794.5214922540756,3.769604370823619,0.5965787,CFNN
data4,50,86,88.64335809710214,4.09979696348689,0.23074682,CFNN
data4,50,87,71.83196043570305,3.625501274160836,0.45318618,CFNN
data4,50,88,80.48667450462885,3.977183722529567,0.3782128,CFNN
data4,50,89,80.34409492311708,3.7409005783265994,0.5349684,CFNN
data4,50,90,88.07805170605539,3.6798751790116415,0.41183242,CFNN
data4,50,91,82.89689620059396,3.8307969601251566,0.25184393,CFNN
data4,50,92,81.23477581215805,4.042338229870844,0.48703635,CFNN
data4,50,93,137.82190792385146,3.9662705184550426,0.44858733,CFNN
data4,50,94,72.27278849633285,3.828369618975781,0.43760252,CFNN
data4,50,95,94.9182495881345,3.8093800531148685,0.6974443,CFNN
data4,50,96,83.10317035580408,3.732352934486361,0.44172227,CFNN
data4,50,97,118.99917738157764,3.4726253500969233,0.7849781,CFNN
data4,50,98,73.91721133881849,3.7764764139394065,0.44137084,CFNN
data4,50,99,88.44793747142683,3.906979755522312,0.3024678,CFNN
data4,50,100,80.00986837183484,3.856834100157966,0.45687917,CFNN
data4,100,1,101.10182505146554,3.8755288732840585,0.5887472,CFNN
data4,100,2,92.16931339189298,3.332832066131628,0.7681704,CFNN
data4,100,3,66.11055770282618,3.434549291725862,0.57160676,CFNN
data4,100,4,69.24107657882423,3.4350545953874767,0.7104365,CFNN
data4,100,5,80.34936704452268,3.821523165979244,0.64379287,CFNN
data4,100,6,90.51998148622233,3.492474465487391,0.8072976,CFNN
data4,100,7,1414.1693975277808,4.035373353098729,0.44451308,CFNN
data4,100,8,70.16933307947116,3.4912780356177717,0.68743813,CFNN
data4,100,9,75.16499776566123,3.3958683909294898,0.5820032,CFNN
data4,100,10,82.62663622102794,3.237601597300116,0.96076936,CFNN
data4,100,11,77.55631469110898,3.353525079680658,0.6254663,CFNN
data4,100,12,79.83357963181199,3.493375345246194,0.7247386,CFNN
data4,100,13,81.94952119776478,4.104408715518797,0.47506213,CFNN
data4,100,14,79.68421174043202,3.441584596423267,0.69200295,CFNN
data4,100,15,100.04753624535363,3.5355247401339716,0.45201385,CFNN
data4,100,16,73.0622885535684,3.4486325133712468,0.7990763,CFNN
data4,100,17,75.95918668105077,3.3546440597978484,0.7968451,CFNN
data4,100,18,79.74310124087994,3.519136634921623,0.9019728,CFNN
data4,100,19,230.9724951378077,3.456678378088197,0.6451799,CFNN
data4,100,20,92.81531800643171,3.2119566835888778,0.7904912,CFNN
data4,100,21,77.28915004410605,3.9680271240019778,0.48159337,CFNN
data4,100,22,81.25393862121429,3.915569417964026,0.4870387,CFNN
data4,100,23,70.25919010529961,3.4798387548958334,0.571011,CFNN
data4,100,24,67.24031135215971,3.37225266722616,0.8519957,CFNN
data4,100,25,86.97816649972886,4.080337945941184,0.40919012,CFNN
data4,100,26,79.40960630836152,3.4447071354567953,0.6732246,CFNN
data4,100,27,114.54339102480805,3.9402457193433684,0.42954236,CFNN
data4,100,28,79.27638488884418,3.834149294950936,0.4725788,CFNN
data4,100,29,68.4009275289787,3.5688094364801195,0.6557357,CFNN
data4,100,30,75.9592247453993,3.412787345311241,0.9262043,CFNN
data4,100,31,81.50198882880547,3.74065935097201,0.41253632,CFNN
data4,100,32,71.59259232378254,3.459083327520028,0.7441341,CFNN
data4,100,33,75.44396675884515,3.543879310466048,0.7440099,CFNN
data4,100,34,84.17288404637115,4.140155122960336,0.5182015,CFNN
data4,100,35,73.07144804987419,3.5177845100727954,0.78113353,CFNN
data4,100,36,77.14814572851321,3.4418593907811776,0.87267005,CFNN
data4,100,37,76.33506887639872,3.585707693651848,0.6147052,CFNN
data4,100,38,71.23331712647429,3.7133654031420886,0.69631773,CFNN
data4,100,39,85.05004322202004,3.380656129380055,0.736579,CFNN
data4,100,40,89.51997622350805,4.007662716556417,0.43618378,CFNN
data4,100,41,81.4413225453236,4.028119942972843,0.32577077,CFNN
data4,100,42,81.05183561798604,4.05719514042442,0.4348166,CFNN
data4,100,43,65.50435769351182,3.3270417014231177,0.66403246,CFNN
data4,100,44,70.68771655177757,3.5353232384200926,0.53207093,CFNN
data4,100,45,69.38274606721598,3.4665378104574778,0.63604105,CFNN
data4,100,46,67.15530206523451,3.4038304576162814,0.71926576,CFNN
data4,100,47,118.48530328444515,3.4894497544804945,0.5208078,CFNN
data4,100,48,80.86476100225732,3.4818438257289364,0.83420813,CFNN
data4,100,49,69.21879836571398,3.3091734166447035,0.611019,CFNN
data4,100,50,62.450569882444206,3.1753492489104542,0.7325392,CFNN
data4,100,51,71.21216547114548,3.350647141420056,0.79676604,CFNN
data4,100,52,71.6123671255545,3.4765009284059665,0.8549735,CFNN
data4,100,53,70.68887613808393,3.435215212630679,0.74591994,CFNN
data4,100,54,69.31670851563824,3.58360888299439,0.50547016,CFNN
data4,100,55,107.23313226233967,3.5367579898743995,0.6114469,CFNN
data4,100,56,69.47547351842745,3.260503875247063,0.7990169,CFNN
data4,100,57,97.79779947003351,3.3212790059872117,0.7224078,CFNN
data4,100,58,67.79776763724104,3.408115468211744,0.62724674,CFNN
data4,100,59,74.5153432939454,3.688860161488972,0.6347957,CFNN
data4,100,60,82.36425244126893,3.95936495206527,0.32377845,CFNN
data4,100,61,2892.273423021487,3.324920708919137,0.70335966,CFNN
data4,100,62,73.09191653082488,3.8408637211844003,0.49751395,CFNN
data4,100,63,44875.092376801316,3.3402266403849397,0.6623574,CFNN
data4,100,64,71.13629892753046,3.47282126765676,0.67124015,CFNN
data4,100,65,68.2776591205054,3.329938781582814,0.730913,CFNN
data4,100,66,76.70569582245096,3.282503415437963,0.6916935,CFNN
data4,100,67,80.90261755607267,3.382357090566545,0.65570796,CFNN
data4,100,68,79.47347020939895,3.3948205963870253,0.76933205,CFNN
data4,100,69,87.85527368621095,3.809741468663083,0.68988585,CFNN
data4,100,70,69.51005211560077,3.496977671931797,0.56033045,CFNN
data4,100,71,74.60770888365296,3.3472278096271895,0.84663767,CFNN
data4,100,72,64.78580140177176,3.2576690447926238,0.8326249,CFNN
data4,100,73,121.30724433622342,3.3134126003580575,0.8218206,CFNN
data4,100,74,76.8024364391684,3.74849611982427,0.68088603,CFNN
data4,100,75,81.54358189099491,3.5905787813702044,0.7167845,CFNN
data4,100,76,82.2494134236267,3.478562847642144,0.83943886,CFNN
data4,100,77,70.96713849588441,3.4781798946534663,0.51448846,CFNN
data4,100,78,69.48670957819054,3.2885718388316425,0.8036108,CFNN
data4,100,79,74.97968828072173,3.203430363593366,0.81828445,CFNN
data4,100,80,72.67748389459804,3.2802814430461136,0.6339489,CFNN
data4,100,81,68.29678245384439,3.534416306831453,0.57729715,CFNN
data4,100,82,66.74228518281797,3.335716596069884,0.6969857,CFNN
data4,100,83,89.22022671882189,3.352049614318233,0.7454441,CFNN
data4,100,84,73.80353687405348,3.361786485150051,0.7957672,CFNN
data4,100,85,85.9615242665981,4.045132707922561,0.4663895,CFNN
data4,100,86,68.9640161135868,3.551793861313629,0.6980618,CFNN
data4,100,87,83.46954593266254,3.9483679648568035,0.3910105,CFNN
data4,100,88,80.15098111771351,3.5456493010801986,0.7483517,CFNN
data4,100,89,70.61178507724352,3.158355647106096,0.6549042,CFNN
data4,100,90,61.6831905323284,3.278165478190306,0.79269975,CFNN
data4,100,91,77.0944775764619,3.9533297416180733,0.60816395,CFNN
data4,100,92,87.47535617184906,3.5775583306903407,0.62774664,CFNN
data4,100,93,71.04929287487487,3.481993876936262,0.7614435,CFNN
data4,100,94,69.55977146339207,3.3715505440820746,0.7493563,CFNN
data4,100,95,318.29877258974466,3.358545315081717,0.8688341,CFNN
data4,100,96,73.41295837488569,3.379676159453889,0.7981085,CFNN
data4,100,97,82.05088674715772,3.7255792396793668,0.74347365,CFNN
data4,100,98,81.41735987282398,4.073567507171276,0.34250683,CFNN
data4,100,99,64.849929426053,3.245088579733575,0.88701874,CFNN
data4,100,100,72.81812616489259,3.369534072519614,0.7962776,CFNN
data4,1000,1,41.331626996096546,1.0844366316221004,3.171744,CFNN
data4,1000,2,36.22376261155581,1.0377514435757909,2.8477573,CFNN
data4,1000,3,46.36063810488027,1.0837164536749326,2.8423393,CFNN
data4,1000,4,55.493040728603994,1.1114729285754974,2.7390244,CFNN
data4,1000,5,46.785742102576954,1.0250226918941319,2.9749722,CFNN
data4,1000,6,61.1535062534917,1.0641524443388715,2.6610322,CFNN
data4,1000,7,58.28216882186135,1.0612007010188254,2.9272559,CFNN
data4,1000,8,59.899354694192354,1.037957873072124,2.899941,CFNN
data4,1000,9,55.34451375040127,1.0639162198999659,2.9458804,CFNN
data4,1000,10,46.41321893191982,1.0523905398570204,2.9089768,CFNN
data4,1000,11,75.51805658104483,1.0923568460880464,2.8733907,CFNN
data4,1000,12,34.65670753853991,1.0604972076477164,2.6971505,CFNN
data4,1000,13,62.32519835186261,1.0877671850649975,3.0720034,CFNN
data4,1000,14,91.35942748212493,1.0361233780334413,2.9161441,CFNN
data4,1000,15,42.77345977374768,1.055649132319475,2.5947719,CFNN
data4,1000,16,145.00563871957414,1.0915723685536531,2.8666453,CFNN
data4,1000,17,92.96254967927396,1.0586013402285595,2.791921,CFNN
data4,1000,18,57.1232671519175,1.050183525486244,2.8985424,CFNN
data4,1000,19,56.297227249782125,1.0511009476458544,2.9887583,CFNN
data4,1000,20,44.536340822921254,1.0225172259658202,2.7289376,CFNN
data4,1000,21,157.57196416678144,1.0272405420100443,3.0808685,CFNN
data4,1000,22,41.156389716670404,1.0450969297006756,2.7761874,CFNN
data4,1000,23,88.27383391183695,1.0837573020311277,2.857377,CFNN
data4,1000,24,38.439958523900145,1.1126099271032404,2.801373,CFNN
data4,1000,25,67.05072057273424,1.0637885260929616,2.55436,CFNN
data4,1000,26,35.51840889597362,1.0071122950734548,2.92148,CFNN
data4,1000,27,51.241926813386826,1.0247755940261527,2.9271264,CFNN
data4,1000,28,94.71699743136939,1.005594391524507,2.8886971,CFNN
data4,1000,29,44.43240164775407,1.0605992106790003,2.8455582,CFNN
data4,1000,30,50.91043873253547,1.014587690525338,2.9581046,CFNN
data4,1000,31,98.64005011800103,1.1023870360119914,3.087371,CFNN
data4,1000,32,53.6148465011285,1.0679190295882448,2.8599415,CFNN
data4,1000,33,40.11486491472731,1.0540574591175236,2.717587,CFNN
data4,1000,34,40.62707018005937,1.1034242185668612,2.9778533,CFNN
data4,1000,35,34.95729187396013,1.0644396036187938,3.002719,CFNN
data4,1000,36,41.070794235367075,1.000051826359726,2.9080682,CFNN
data4,1000,37,36.871026322635494,1.0157260720800574,2.9186523,CFNN
data4,1000,38,131.70703001120154,1.0667383920039526,2.8941777,CFNN
data4,1000,39,158.41669528676303,1.030556659865459,2.6929047,CFNN
data4,1000,40,34.242712892920046,1.0496218427800401,2.8271358,CFNN
data4,1000,41,42.45592685938926,1.057369909597407,2.7137227,CFNN
data4,1000,42,48.2025847710941,1.0745996542746965,2.9618373,CFNN
data4,1000,43,83.51686764742028,1.051099756913354,2.609777,CFNN
data4,1000,44,47.20003050720908,1.0272721730699377,2.8571813,CFNN
data4,1000,45,132.17090716205124,1.098386180713296,3.0118172,CFNN
data4,1000,46,50.96128385820155,1.048860993518271,2.8464313,CFNN
data4,1000,47,59.93336009621554,1.047344246366829,2.7481077,CFNN
data4,1000,48,40.452609532507324,1.1032628767367476,2.5406368,CFNN
data4,1000,49,48.670032404620834,1.0102828907583457,2.9313557,CFNN
data4,1000,50,30.93088130683664,1.0447311782098172,2.9456513,CFNN
data4,1000,51,78.17487551649347,1.0738195608672438,2.877315,CFNN
data4,1000,52,54.882387492322636,1.1024387002949818,2.9704869,CFNN
data4,1000,53,30.613958063030267,1.0473826035179261,2.9126885,CFNN
data4,1000,54,73.39294146078882,1.084153302122054,2.8315678,CFNN
data4,1000,55,48.36326989120567,1.0696113731187968,2.8951983,CFNN
data4,1000,56,281.0779224191862,1.051290089648864,2.9453237,CFNN
data4,1000,57,40.78283443317234,1.0537391944435575,2.9109213,CFNN
data4,1000,58,44.21944293570688,1.0832696464802465,2.9535177,CFNN
data4,1000,59,123.1203022088036,1.0713238279014612,2.4671154,CFNN
data4,1000,60,133.6458160788739,1.0504063773536982,2.8073559,CFNN
data4,1000,61,222.4467935259479,1.0455732068602124,3.158683,CFNN
data4,1000,62,35.73481753382224,1.0467612497801797,2.8145616,CFNN
data4,1000,63,88.36364998255347,1.0519959269794332,2.8171434,CFNN
data4,1000,64,50.07585660303142,1.0388718377857407,3.0028837,CFNN
data4,1000,65,39.340838087314566,1.0537622693611863,2.742922,CFNN
data4,1000,66,215.83915121905815,1.1282581469989117,2.761483,CFNN
data4,1000,67,48.19870504343714,1.082216036429064,2.9365532,CFNN
data4,1000,68,44.69854251450113,1.0349560812478225,2.8161454,CFNN
data4,1000,69,43.117910697947856,1.0881799216009111,2.570477,CFNN
data4,1000,70,47.42344396137532,1.0296013191520477,2.6289277,CFNN
data4,1000,71,31.53072129743443,1.0642355259496774,2.588986,CFNN
data4,1000,72,89.59770612182476,1.0577281905250153,2.6215076,CFNN
data4,1000,73,68.60434051426614,1.0187561828980207,2.959338,CFNN
data4,1000,74,109.0321971650751,1.0804803408487975,2.9055972,CFNN
data4,1000,75,44.32268511555398,1.0435627128146103,3.0581095,CFNN
data4,1000,76,47.24287230374819,1.0757646142186608,2.8622193,CFNN
data4,1000,77,55.98400639192953,1.070113935318709,2.900414,CFNN
data4,1000,78,43.69977349502995,1.0428018440901827,2.5573175,CFNN
data4,1000,79,41.77714467720447,1.0622550973434115,3.0339584,CFNN
data4,1000,80,138.91480576164935,1.0399622313546595,2.95411,CFNN
data4,1000,81,127.32161946570876,1.1105386322152788,2.46057,CFNN
data4,1000,82,50.726739138672414,1.0449498918410776,2.7718344,CFNN
data4,1000,83,63.015244257333094,1.054702908287242,2.7230635,CFNN
data4,1000,84,39.490548070455986,1.0589898365723762,2.4925025,CFNN
data4,1000,85,39.17505352510528,1.011270676169414,2.8545687,CFNN
data4,1000,86,39.06498520840875,1.0718018760526131,2.86625,CFNN
data4,1000,87,33.07767524888022,1.0578542499402344,3.0120206,CFNN
data4,1000,88,72.19019353767584,1.0738548371998564,2.9764,CFNN
data4,1000,89,70.26327902181585,1.043246672077613,2.7816694,CFNN
data4,1000,90,53.01421301540724,1.0509053159375694,2.9534721,CFNN
data4,1000,91,35.92099600658226,1.0428573847037774,2.7882698,CFNN
data4,1000,92,745.9643656880573,1.092895854813212,2.8134584,CFNN
data4,1000,93,47.83395156646081,1.063893702929579,2.8173883,CFNN
data4,1000,94,62.46092836251479,1.0585033087449238,2.9091547,CFNN
data4,1000,95,45.64116609967241,1.1092758721452114,2.9312735,CFNN
data4,1000,96,38.289230207578896,1.020307805303176,2.854106,CFNN
data4,1000,97,66.30968935547091,1.0591738590683637,2.8868196,CFNN
data4,1000,98,62.6371506351896,1.0531142216858558,2.561312,CFNN
data4,1000,99,36.591143096896545,1.0444054218386707,2.9305575,CFNN
data4,1000,100,40.31881795753844,1.040800472318368,2.8685403,CFNN
